#RIC,Start (GMT),End (GMT),Status,Details,Category,Quota RIC
.JTOPI,04-JAN-2010,01-APR-2010,Active,,cash,.JTOPI
AGLJ.J,04-JAN-2010,01-APR-2010,Active,,cash,AGLJ.J
AMSJ.J,04-JAN-2010,01-APR-2010,Active,,cash,AMSJ.J
ANGJ.J,04-JAN-2010,01-APR-2010,Active,,cash,ANGJ.J
APNJ.J,04-JAN-2010,01-APR-2010,Active,,cash,APNJ.J
BATJ.J,04-JAN-2010,01-APR-2010,Active,,cash,BATJ.J
BGAJ.J,01-JAN-2010,03-APR-2010,Inactive,,,
BILJ.J,04-JAN-2010,01-APR-2010,Active,,cash,BILJ.J
BTIJ.J,04-JAN-2010,01-APR-2010,Active,,cash,BTIJ.J
BVTJ.J,04-JAN-2010,01-APR-2010,Active,,cash,BVTJ.J
CCOJ.J,01-JAN-2010,03-APR-2010,Inactive,,,
CFRJ.J,04-JAN-2010,01-APR-2010,Active,,cash,CFRJ.J
CPIJ.J,04-JAN-2010,01-APR-2010,Active,,cash,CPIJ.J
DSYJ.J,04-JAN-2010,01-APR-2010,Active,,cash,DSYJ.J
FFAJ.J,04-JAN-2010,01-APR-2010,Active,,cash,FFAJ.J
NTCJ.J,04-JAN-2010,01-APR-2010,Active,,cash,NTCJ.J
VODJ.J,04-JAN-2010,01-APR-2010,Active,,cash,VODJ.J
FFBJ.J,04-JAN-2010,01-APR-2010,Active,,cash,FFBJ.J
OMLJ.J,04-JAN-2010,01-APR-2010,Active,,cash,OMLJ.J
WHLJ.J,04-JAN-2010,01-APR-2010,Active,,cash,WHLJ.J
FSRJ.J,04-JAN-2010,01-APR-2010,Active,,cash,FSRJ.J
RDFJ.J,04-JAN-2010,01-APR-2010,Active,,cash,RDFJ.J
GRTJ.J,04-JAN-2010,01-APR-2010,Active,,cash,GRTJ.J
REIJ.J,04-JAN-2010,01-APR-2010,Active,,cash,REIJ.J
INLJ.J,04-JAN-2010,01-APR-2010,Active,,cash,INLJ.J
REMJ.J,04-JAN-2010,01-APR-2010,Active,,cash,REMJ.J
INPJ.J,04-JAN-2010,01-APR-2010,Active,,cash,INPJ.J
RMHJ.J,04-JAN-2010,01-APR-2010,Active,,cash,RMHJ.J
ITUJ.J,01-JAN-2010,03-APR-2010,Inactive,,,
RMIJ.J,01-JAN-2010,03-APR-2010,Inactive,,,
MEIJ.J,01-JAN-2010,03-APR-2010,Inactive,,,
SABJ.J,04-JAN-2010,01-APR-2010,Active,,cash,SABJ.J
MNDJ.J,04-JAN-2010,01-APR-2010,Active,,cash,MNDJ.J
SBKJ.J,04-JAN-2010,01-APR-2010,Active,,cash,SBKJ.J
MNPJ.J,04-JAN-2010,01-APR-2010,Active,,cash,MNPJ.J
SHPJ.J,04-JAN-2010,01-APR-2010,Active,,cash,SHPJ.J
MRPJ.J,01-JAN-2010,03-APR-2010,Inactive,,,
SLMJ.J,04-JAN-2010,01-APR-2010,Active,,cash,SLMJ.J
MTNJ.J,04-JAN-2010,01-APR-2010,Active,,cash,MTNJ.J
SNHJ.J,01-JAN-2010,03-APR-2010,Inactive,,,
NEDJ.J,04-JAN-2010,01-APR-2010,Active,,cash,NEDJ.J
SOLJ.J,04-JAN-2010,01-APR-2010,Active,,cash,SOLJ.J
NPNJn.J,04-JAN-2010,01-APR-2010,Active,,cash,NPNJn.J
TBSJ.J,04-JAN-2010,01-APR-2010,Active,,cash,TBSJ.J
.JTOPI,06-APR-2010,05-JUL-2010,Active,,cash,.JTOPI
AGLJ.J,06-APR-2010,05-JUL-2010,Active,,cash,AGLJ.J
AMSJ.J,06-APR-2010,05-JUL-2010,Active,,cash,AMSJ.J
ANGJ.J,06-APR-2010,05-JUL-2010,Active,,cash,ANGJ.J
APNJ.J,06-APR-2010,05-JUL-2010,Active,,cash,APNJ.J
BATJ.J,06-APR-2010,05-JUL-2010,Active,,cash,BATJ.J
BGAJ.J,04-APR-2010,05-JUL-2010,Inactive,,,
BILJ.J,06-APR-2010,05-JUL-2010,Active,,cash,BILJ.J
BTIJ.J,06-APR-2010,05-JUL-2010,Active,,cash,BTIJ.J
BVTJ.J,06-APR-2010,05-JUL-2010,Active,,cash,BVTJ.J
CCOJ.J,04-APR-2010,09-MAY-2010,Inactive,,,
CCOJ.J,10-MAY-2010,05-JUL-2010,Active,,cash,CCOJ.J
CFRJ.J,06-APR-2010,05-JUL-2010,Active,,cash,CFRJ.J
CPIJ.J,06-APR-2010,05-JUL-2010,Active,,cash,CPIJ.J
DSYJ.J,06-APR-2010,05-JUL-2010,Active,,cash,DSYJ.J
FFAJ.J,06-APR-2010,05-JUL-2010,Active,,cash,FFAJ.J
NTCJ.J,06-APR-2010,05-JUL-2010,Active,,cash,NTCJ.J
VODJ.J,06-APR-2010,05-JUL-2010,Active,,cash,VODJ.J
FFBJ.J,06-APR-2010,05-JUL-2010,Active,,cash,FFBJ.J
OMLJ.J,06-APR-2010,05-JUL-2010,Active,,cash,OMLJ.J
WHLJ.J,06-APR-2010,05-JUL-2010,Active,,cash,WHLJ.J
FSRJ.J,06-APR-2010,05-JUL-2010,Active,,cash,FSRJ.J
RDFJ.J,06-APR-2010,05-JUL-2010,Active,,cash,RDFJ.J
GRTJ.J,06-APR-2010,05-JUL-2010,Active,,cash,GRTJ.J
REIJ.J,06-APR-2010,05-JUL-2010,Active,,cash,REIJ.J
INLJ.J,06-APR-2010,05-JUL-2010,Active,,cash,INLJ.J
REMJ.J,06-APR-2010,05-JUL-2010,Active,,cash,REMJ.J
INPJ.J,06-APR-2010,05-JUL-2010,Active,,cash,INPJ.J
RMHJ.J,06-APR-2010,05-JUL-2010,Active,,cash,RMHJ.J
ITUJ.J,04-APR-2010,05-JUL-2010,Inactive,,,
RMIJ.J,04-APR-2010,05-JUL-2010,Inactive,,,
MEIJ.J,04-APR-2010,05-JUL-2010,Inactive,,,
SABJ.J,06-APR-2010,05-JUL-2010,Active,,cash,SABJ.J
MNDJ.J,06-APR-2010,05-JUL-2010,Active,,cash,MNDJ.J
SBKJ.J,06-APR-2010,05-JUL-2010,Active,,cash,SBKJ.J
MNPJ.J,06-APR-2010,05-JUL-2010,Active,,cash,MNPJ.J
SHPJ.J,06-APR-2010,05-JUL-2010,Active,,cash,SHPJ.J
MRPJ.J,04-APR-2010,05-JUL-2010,Inactive,,,
SLMJ.J,06-APR-2010,05-JUL-2010,Active,,cash,SLMJ.J
MTNJ.J,06-APR-2010,05-JUL-2010,Active,,cash,MTNJ.J
SNHJ.J,04-APR-2010,05-JUL-2010,Inactive,,,
NEDJ.J,06-APR-2010,05-JUL-2010,Active,,cash,NEDJ.J
SOLJ.J,06-APR-2010,05-JUL-2010,Active,,cash,SOLJ.J
NPNJn.J,06-APR-2010,05-JUL-2010,Active,,cash,NPNJn.J
TBSJ.J,06-APR-2010,05-JUL-2010,Active,,cash,TBSJ.J
.JTOPI,06-JUL-2010,06-OCT-2010,Active,,cash,.JTOPI
AGLJ.J,06-JUL-2010,06-OCT-2010,Active,,cash,AGLJ.J
AMSJ.J,06-JUL-2010,06-OCT-2010,Active,,cash,AMSJ.J
ANGJ.J,06-JUL-2010,06-OCT-2010,Active,,cash,ANGJ.J
APNJ.J,06-JUL-2010,06-OCT-2010,Active,,cash,APNJ.J
BATJ.J,06-JUL-2010,06-OCT-2010,Active,,cash,BATJ.J
BGAJ.J,06-JUL-2010,06-OCT-2010,Inactive,,,
BILJ.J,06-JUL-2010,06-OCT-2010,Active,,cash,BILJ.J
BTIJ.J,06-JUL-2010,06-OCT-2010,Active,,cash,BTIJ.J
BVTJ.J,06-JUL-2010,06-OCT-2010,Active,,cash,BVTJ.J
CCOJ.J,06-JUL-2010,06-OCT-2010,Active,,cash,CCOJ.J
CFRJ.J,06-JUL-2010,06-OCT-2010,Active,,cash,CFRJ.J
CPIJ.J,06-JUL-2010,06-OCT-2010,Active,,cash,CPIJ.J
DSYJ.J,06-JUL-2010,06-OCT-2010,Active,,cash,DSYJ.J
FFAJ.J,06-JUL-2010,06-OCT-2010,Active,,cash,FFAJ.J
NTCJ.J,06-JUL-2010,06-OCT-2010,Active,,cash,NTCJ.J
VODJ.J,06-JUL-2010,06-OCT-2010,Active,,cash,VODJ.J
FFBJ.J,06-JUL-2010,06-OCT-2010,Active,,cash,FFBJ.J
OMLJ.J,06-JUL-2010,06-OCT-2010,Active,,cash,OMLJ.J
WHLJ.J,06-JUL-2010,06-OCT-2010,Active,,cash,WHLJ.J
FSRJ.J,06-JUL-2010,06-OCT-2010,Active,,cash,FSRJ.J
RDFJ.J,06-JUL-2010,06-OCT-2010,Active,,cash,RDFJ.J
GRTJ.J,06-JUL-2010,06-OCT-2010,Active,,cash,GRTJ.J
REIJ.J,06-JUL-2010,06-OCT-2010,Active,,cash,REIJ.J
INLJ.J,06-JUL-2010,06-OCT-2010,Active,,cash,INLJ.J
REMJ.J,06-JUL-2010,06-OCT-2010,Active,,cash,REMJ.J
INPJ.J,06-JUL-2010,06-OCT-2010,Active,,cash,INPJ.J
RMHJ.J,06-JUL-2010,06-OCT-2010,Active,,cash,RMHJ.J
ITUJ.J,06-JUL-2010,06-OCT-2010,Inactive,,,
RMIJ.J,06-JUL-2010,06-OCT-2010,Inactive,,,
MEIJ.J,06-JUL-2010,06-OCT-2010,Inactive,,,
SABJ.J,06-JUL-2010,06-OCT-2010,Active,,cash,SABJ.J
MNDJ.J,06-JUL-2010,06-OCT-2010,Active,,cash,MNDJ.J
SBKJ.J,06-JUL-2010,06-OCT-2010,Active,,cash,SBKJ.J
MNPJ.J,06-JUL-2010,06-OCT-2010,Active,,cash,MNPJ.J
SHPJ.J,06-JUL-2010,06-OCT-2010,Active,,cash,SHPJ.J
MRPJ.J,06-JUL-2010,06-OCT-2010,Inactive,,,
SLMJ.J,06-JUL-2010,06-OCT-2010,Active,,cash,SLMJ.J
MTNJ.J,06-JUL-2010,06-OCT-2010,Active,,cash,MTNJ.J
SNHJ.J,06-JUL-2010,06-OCT-2010,Inactive,,,
NEDJ.J,06-JUL-2010,06-OCT-2010,Active,,cash,NEDJ.J
SOLJ.J,06-JUL-2010,06-OCT-2010,Active,,cash,SOLJ.J
NPNJn.J,06-JUL-2010,06-OCT-2010,Active,,cash,NPNJn.J
TBSJ.J,06-JUL-2010,06-OCT-2010,Active,,cash,TBSJ.J
.JTOPI,07-OCT-2010,07-JAN-2011,Active,,cash,.JTOPI
AGLJ.J,07-OCT-2010,07-JAN-2011,Active,,cash,AGLJ.J
AMSJ.J,07-OCT-2010,07-JAN-2011,Active,,cash,AMSJ.J
ANGJ.J,07-OCT-2010,07-JAN-2011,Active,,cash,ANGJ.J
APNJ.J,07-OCT-2010,07-JAN-2011,Active,,cash,APNJ.J
BATJ.J,07-OCT-2010,07-JAN-2011,Active,,cash,BATJ.J
BGAJ.J,07-OCT-2010,07-JAN-2011,Inactive,,,
BILJ.J,07-OCT-2010,07-JAN-2011,Active,,cash,BILJ.J
BTIJ.J,07-OCT-2010,07-JAN-2011,Active,,cash,BTIJ.J
BVTJ.J,07-OCT-2010,07-JAN-2011,Active,,cash,BVTJ.J
CCOJ.J,07-OCT-2010,07-JAN-2011,Active,,cash,CCOJ.J
CFRJ.J,07-OCT-2010,07-JAN-2011,Active,,cash,CFRJ.J
CPIJ.J,07-OCT-2010,07-JAN-2011,Active,,cash,CPIJ.J
DSYJ.J,07-OCT-2010,07-JAN-2011,Active,,cash,DSYJ.J
FFAJ.J,07-OCT-2010,07-JAN-2011,Active,,cash,FFAJ.J
NTCJ.J,07-OCT-2010,07-JAN-2011,Active,,cash,NTCJ.J
VODJ.J,07-OCT-2010,07-JAN-2011,Active,,cash,VODJ.J
FFBJ.J,07-OCT-2010,07-JAN-2011,Active,,cash,FFBJ.J
OMLJ.J,07-OCT-2010,07-JAN-2011,Active,,cash,OMLJ.J
WHLJ.J,07-OCT-2010,07-JAN-2011,Active,,cash,WHLJ.J
FSRJ.J,07-OCT-2010,07-JAN-2011,Active,,cash,FSRJ.J
RDFJ.J,07-OCT-2010,07-JAN-2011,Active,,cash,RDFJ.J
GRTJ.J,07-OCT-2010,07-JAN-2011,Active,,cash,GRTJ.J
REIJ.J,07-OCT-2010,07-JAN-2011,Active,,cash,REIJ.J
INLJ.J,07-OCT-2010,07-JAN-2011,Active,,cash,INLJ.J
REMJ.J,07-OCT-2010,07-JAN-2011,Active,,cash,REMJ.J
INPJ.J,07-OCT-2010,07-JAN-2011,Active,,cash,INPJ.J
RMHJ.J,07-OCT-2010,07-JAN-2011,Active,,cash,RMHJ.J
ITUJ.J,07-OCT-2010,07-JAN-2011,Inactive,,,
RMIJ.J,07-OCT-2010,07-JAN-2011,Inactive,,,
MEIJ.J,07-OCT-2010,07-JAN-2011,Inactive,,,
SABJ.J,07-OCT-2010,07-JAN-2011,Active,,cash,SABJ.J
MNDJ.J,07-OCT-2010,07-JAN-2011,Active,,cash,MNDJ.J
SBKJ.J,07-OCT-2010,07-JAN-2011,Active,,cash,SBKJ.J
MNPJ.J,07-OCT-2010,07-JAN-2011,Active,,cash,MNPJ.J
SHPJ.J,07-OCT-2010,07-JAN-2011,Active,,cash,SHPJ.J
MRPJ.J,07-OCT-2010,07-JAN-2011,Inactive,,,
SLMJ.J,07-OCT-2010,07-JAN-2011,Active,,cash,SLMJ.J
MTNJ.J,07-OCT-2010,07-JAN-2011,Active,,cash,MTNJ.J
SNHJ.J,07-OCT-2010,07-JAN-2011,Inactive,,,
NEDJ.J,07-OCT-2010,07-JAN-2011,Active,,cash,NEDJ.J
SOLJ.J,07-OCT-2010,07-JAN-2011,Active,,cash,SOLJ.J
NPNJn.J,07-OCT-2010,07-JAN-2011,Active,,cash,NPNJn.J
TBSJ.J,07-OCT-2010,07-JAN-2011,Active,,cash,TBSJ.J
.JTOPI,10-JAN-2011,08-APR-2011,Active,,cash,.JTOPI
AGLJ.J,10-JAN-2011,08-APR-2011,Active,,cash,AGLJ.J
AMSJ.J,10-JAN-2011,08-APR-2011,Active,,cash,AMSJ.J
ANGJ.J,10-JAN-2011,08-APR-2011,Active,,cash,ANGJ.J
APNJ.J,10-JAN-2011,08-APR-2011,Active,,cash,APNJ.J
BATJ.J,10-JAN-2011,08-APR-2011,Active,,cash,BATJ.J
BGAJ.J,08-JAN-2011,10-APR-2011,Inactive,,,
BILJ.J,10-JAN-2011,08-APR-2011,Active,,cash,BILJ.J
BTIJ.J,10-JAN-2011,08-APR-2011,Active,,cash,BTIJ.J
BVTJ.J,10-JAN-2011,08-APR-2011,Active,,cash,BVTJ.J
CCOJ.J,10-JAN-2011,08-APR-2011,Active,,cash,CCOJ.J
CFRJ.J,10-JAN-2011,08-APR-2011,Active,,cash,CFRJ.J
CPIJ.J,10-JAN-2011,08-APR-2011,Active,,cash,CPIJ.J
DSYJ.J,10-JAN-2011,08-APR-2011,Active,,cash,DSYJ.J
FFAJ.J,10-JAN-2011,08-APR-2011,Active,,cash,FFAJ.J
NTCJ.J,10-JAN-2011,08-APR-2011,Active,,cash,NTCJ.J
VODJ.J,10-JAN-2011,08-APR-2011,Active,,cash,VODJ.J
FFBJ.J,10-JAN-2011,08-APR-2011,Active,,cash,FFBJ.J
OMLJ.J,10-JAN-2011,08-APR-2011,Active,,cash,OMLJ.J
WHLJ.J,10-JAN-2011,08-APR-2011,Active,,cash,WHLJ.J
FSRJ.J,10-JAN-2011,08-APR-2011,Active,,cash,FSRJ.J
RDFJ.J,10-JAN-2011,08-APR-2011,Active,,cash,RDFJ.J
GRTJ.J,10-JAN-2011,08-APR-2011,Active,,cash,GRTJ.J
REIJ.J,10-JAN-2011,08-APR-2011,Active,,cash,REIJ.J
INLJ.J,10-JAN-2011,08-APR-2011,Active,,cash,INLJ.J
REMJ.J,10-JAN-2011,08-APR-2011,Active,,cash,REMJ.J
INPJ.J,10-JAN-2011,08-APR-2011,Active,,cash,INPJ.J
RMHJ.J,10-JAN-2011,08-APR-2011,Active,,cash,RMHJ.J
ITUJ.J,08-JAN-2011,10-APR-2011,Inactive,,,
RMIJ.J,08-JAN-2011,06-MAR-2011,Inactive,,,
RMIJ.J,07-MAR-2011,08-APR-2011,Active,,cash,RMIJ.J
MEIJ.J,08-JAN-2011,10-APR-2011,Inactive,,,
SABJ.J,10-JAN-2011,08-APR-2011,Active,,cash,SABJ.J
MNDJ.J,10-JAN-2011,08-APR-2011,Active,,cash,MNDJ.J
SBKJ.J,10-JAN-2011,08-APR-2011,Active,,cash,SBKJ.J
MNPJ.J,10-JAN-2011,08-APR-2011,Active,,cash,MNPJ.J
SHPJ.J,10-JAN-2011,08-APR-2011,Active,,cash,SHPJ.J
MRPJ.J,08-JAN-2011,10-APR-2011,Inactive,,,
SLMJ.J,10-JAN-2011,08-APR-2011,Active,,cash,SLMJ.J
MTNJ.J,10-JAN-2011,08-APR-2011,Active,,cash,MTNJ.J
SNHJ.J,08-JAN-2011,10-APR-2011,Inactive,,,
NEDJ.J,10-JAN-2011,08-APR-2011,Active,,cash,NEDJ.J
SOLJ.J,10-JAN-2011,08-APR-2011,Active,,cash,SOLJ.J
NPNJn.J,10-JAN-2011,08-APR-2011,Active,,cash,NPNJn.J
TBSJ.J,10-JAN-2011,08-APR-2011,Active,,cash,TBSJ.J
.JTOPI,11-APR-2011,12-JUL-2011,Active,,cash,.JTOPI
AGLJ.J,11-APR-2011,12-JUL-2011,Active,,cash,AGLJ.J
AMSJ.J,11-APR-2011,12-JUL-2011,Active,,cash,AMSJ.J
ANGJ.J,11-APR-2011,12-JUL-2011,Active,,cash,ANGJ.J
APNJ.J,11-APR-2011,12-JUL-2011,Active,,cash,APNJ.J
BATJ.J,11-APR-2011,12-JUL-2011,Active,,cash,BATJ.J
BGAJ.J,11-APR-2011,12-JUL-2011,Inactive,,,
BILJ.J,11-APR-2011,12-JUL-2011,Active,,cash,BILJ.J
BTIJ.J,11-APR-2011,12-JUL-2011,Active,,cash,BTIJ.J
BVTJ.J,11-APR-2011,12-JUL-2011,Active,,cash,BVTJ.J
CCOJ.J,11-APR-2011,12-JUL-2011,Active,,cash,CCOJ.J
CFRJ.J,11-APR-2011,12-JUL-2011,Active,,cash,CFRJ.J
CPIJ.J,11-APR-2011,12-JUL-2011,Active,,cash,CPIJ.J
DSYJ.J,11-APR-2011,12-JUL-2011,Active,,cash,DSYJ.J
FFAJ.J,11-APR-2011,12-JUL-2011,Active,,cash,FFAJ.J
NTCJ.J,11-APR-2011,12-JUL-2011,Active,,cash,NTCJ.J
VODJ.J,11-APR-2011,12-JUL-2011,Active,,cash,VODJ.J
FFBJ.J,11-APR-2011,12-JUL-2011,Active,,cash,FFBJ.J
OMLJ.J,11-APR-2011,12-JUL-2011,Active,,cash,OMLJ.J
WHLJ.J,11-APR-2011,12-JUL-2011,Active,,cash,WHLJ.J
FSRJ.J,11-APR-2011,12-JUL-2011,Active,,cash,FSRJ.J
RDFJ.J,11-APR-2011,12-JUL-2011,Active,,cash,RDFJ.J
GRTJ.J,11-APR-2011,12-JUL-2011,Active,,cash,GRTJ.J
REIJ.J,11-APR-2011,12-JUL-2011,Active,,cash,REIJ.J
INLJ.J,11-APR-2011,12-JUL-2011,Active,,cash,INLJ.J
REMJ.J,11-APR-2011,12-JUL-2011,Active,,cash,REMJ.J
INPJ.J,11-APR-2011,12-JUL-2011,Active,,cash,INPJ.J
RMHJ.J,11-APR-2011,12-JUL-2011,Active,,cash,RMHJ.J
ITUJ.J,11-APR-2011,12-JUL-2011,Inactive,,,
RMIJ.J,11-APR-2011,12-JUL-2011,Active,,cash,RMIJ.J
MEIJ.J,11-APR-2011,12-JUL-2011,Inactive,,,
SABJ.J,11-APR-2011,12-JUL-2011,Active,,cash,SABJ.J
MNDJ.J,11-APR-2011,12-JUL-2011,Active,,cash,MNDJ.J
SBKJ.J,11-APR-2011,12-JUL-2011,Active,,cash,SBKJ.J
MNPJ.J,11-APR-2011,12-JUL-2011,Active,,cash,MNPJ.J
SHPJ.J,11-APR-2011,12-JUL-2011,Active,,cash,SHPJ.J
MRPJ.J,11-APR-2011,12-JUL-2011,Inactive,,,
SLMJ.J,11-APR-2011,12-JUL-2011,Active,,cash,SLMJ.J
MTNJ.J,11-APR-2011,12-JUL-2011,Active,,cash,MTNJ.J
SNHJ.J,11-APR-2011,12-JUL-2011,Inactive,,,
NEDJ.J,11-APR-2011,12-JUL-2011,Active,,cash,NEDJ.J
SOLJ.J,11-APR-2011,12-JUL-2011,Active,,cash,SOLJ.J
NPNJn.J,11-APR-2011,12-JUL-2011,Active,,cash,NPNJn.J
TBSJ.J,11-APR-2011,12-JUL-2011,Active,,cash,TBSJ.J
.JTOPI,13-JUL-2011,13-OCT-2011,Active,,cash,.JTOPI
AGLJ.J,13-JUL-2011,13-OCT-2011,Active,,cash,AGLJ.J
AMSJ.J,13-JUL-2011,13-OCT-2011,Active,,cash,AMSJ.J
ANGJ.J,13-JUL-2011,13-OCT-2011,Active,,cash,ANGJ.J
APNJ.J,13-JUL-2011,13-OCT-2011,Active,,cash,APNJ.J
BATJ.J,13-JUL-2011,13-OCT-2011,Active,,cash,BATJ.J
BGAJ.J,13-JUL-2011,13-OCT-2011,Inactive,,,
BILJ.J,13-JUL-2011,13-OCT-2011,Active,,cash,BILJ.J
BTIJ.J,13-JUL-2011,13-OCT-2011,Active,,cash,BTIJ.J
BVTJ.J,13-JUL-2011,13-OCT-2011,Active,,cash,BVTJ.J
CCOJ.J,13-JUL-2011,13-OCT-2011,Active,,cash,CCOJ.J
CFRJ.J,13-JUL-2011,13-OCT-2011,Active,,cash,CFRJ.J
CPIJ.J,13-JUL-2011,13-OCT-2011,Active,,cash,CPIJ.J
DSYJ.J,13-JUL-2011,13-OCT-2011,Active,,cash,DSYJ.J
FFAJ.J,13-JUL-2011,13-OCT-2011,Active,,cash,FFAJ.J
NTCJ.J,13-JUL-2011,13-OCT-2011,Active,,cash,NTCJ.J
VODJ.J,13-JUL-2011,13-OCT-2011,Active,,cash,VODJ.J
FFBJ.J,13-JUL-2011,13-OCT-2011,Active,,cash,FFBJ.J
OMLJ.J,13-JUL-2011,13-OCT-2011,Active,,cash,OMLJ.J
WHLJ.J,13-JUL-2011,13-OCT-2011,Active,,cash,WHLJ.J
FSRJ.J,13-JUL-2011,13-OCT-2011,Active,,cash,FSRJ.J
RDFJ.J,13-JUL-2011,13-OCT-2011,Active,,cash,RDFJ.J
GRTJ.J,13-JUL-2011,13-OCT-2011,Active,,cash,GRTJ.J
REIJ.J,13-JUL-2011,13-OCT-2011,Active,,cash,REIJ.J
INLJ.J,13-JUL-2011,13-OCT-2011,Active,,cash,INLJ.J
REMJ.J,13-JUL-2011,13-OCT-2011,Active,,cash,REMJ.J
INPJ.J,13-JUL-2011,13-OCT-2011,Active,,cash,INPJ.J
RMHJ.J,13-JUL-2011,13-OCT-2011,Active,,cash,RMHJ.J
ITUJ.J,13-JUL-2011,13-OCT-2011,Inactive,,,
RMIJ.J,13-JUL-2011,13-OCT-2011,Active,,cash,RMIJ.J
MEIJ.J,13-JUL-2011,13-OCT-2011,Inactive,,,
SABJ.J,13-JUL-2011,13-OCT-2011,Active,,cash,SABJ.J
MNDJ.J,13-JUL-2011,13-OCT-2011,Active,,cash,MNDJ.J
SBKJ.J,13-JUL-2011,13-OCT-2011,Active,,cash,SBKJ.J
MNPJ.J,13-JUL-2011,13-OCT-2011,Active,,cash,MNPJ.J
SHPJ.J,13-JUL-2011,13-OCT-2011,Active,,cash,SHPJ.J
MRPJ.J,13-JUL-2011,13-OCT-2011,Inactive,,,
SLMJ.J,13-JUL-2011,13-OCT-2011,Active,,cash,SLMJ.J
MTNJ.J,13-JUL-2011,13-OCT-2011,Active,,cash,MTNJ.J
SNHJ.J,13-JUL-2011,13-OCT-2011,Inactive,,,
NEDJ.J,13-JUL-2011,13-OCT-2011,Active,,cash,NEDJ.J
SOLJ.J,13-JUL-2011,13-OCT-2011,Active,,cash,SOLJ.J
NPNJn.J,13-JUL-2011,13-OCT-2011,Active,,cash,NPNJn.J
TBSJ.J,13-JUL-2011,13-OCT-2011,Active,,cash,TBSJ.J
.JTOPI,14-OCT-2011,13-JAN-2012,Active,,cash,.JTOPI
AGLJ.J,14-OCT-2011,13-JAN-2012,Active,,cash,AGLJ.J
AMSJ.J,14-OCT-2011,13-JAN-2012,Active,,cash,AMSJ.J
ANGJ.J,14-OCT-2011,13-JAN-2012,Active,,cash,ANGJ.J
APNJ.J,14-OCT-2011,13-JAN-2012,Active,,cash,APNJ.J
BATJ.J,14-OCT-2011,13-JAN-2012,Active,,cash,BATJ.J
BGAJ.J,14-OCT-2011,14-JAN-2012,Inactive,,,
BILJ.J,14-OCT-2011,13-JAN-2012,Active,,cash,BILJ.J
BTIJ.J,14-OCT-2011,13-JAN-2012,Active,,cash,BTIJ.J
BVTJ.J,14-OCT-2011,13-JAN-2012,Active,,cash,BVTJ.J
CCOJ.J,14-OCT-2011,13-JAN-2012,Active,,cash,CCOJ.J
CFRJ.J,14-OCT-2011,13-JAN-2012,Active,,cash,CFRJ.J
CPIJ.J,14-OCT-2011,13-JAN-2012,Active,,cash,CPIJ.J
DSYJ.J,14-OCT-2011,13-JAN-2012,Active,,cash,DSYJ.J
FFAJ.J,14-OCT-2011,13-JAN-2012,Active,,cash,FFAJ.J
NTCJ.J,14-OCT-2011,13-JAN-2012,Active,,cash,NTCJ.J
VODJ.J,14-OCT-2011,13-JAN-2012,Active,,cash,VODJ.J
FFBJ.J,14-OCT-2011,13-JAN-2012,Active,,cash,FFBJ.J
OMLJ.J,14-OCT-2011,13-JAN-2012,Active,,cash,OMLJ.J
WHLJ.J,14-OCT-2011,13-JAN-2012,Active,,cash,WHLJ.J
FSRJ.J,14-OCT-2011,13-JAN-2012,Active,,cash,FSRJ.J
RDFJ.J,14-OCT-2011,13-JAN-2012,Active,,cash,RDFJ.J
GRTJ.J,14-OCT-2011,13-JAN-2012,Active,,cash,GRTJ.J
REIJ.J,14-OCT-2011,13-JAN-2012,Active,,cash,REIJ.J
INLJ.J,14-OCT-2011,13-JAN-2012,Active,,cash,INLJ.J
REMJ.J,14-OCT-2011,13-JAN-2012,Active,,cash,REMJ.J
INPJ.J,14-OCT-2011,13-JAN-2012,Active,,cash,INPJ.J
RMHJ.J,14-OCT-2011,13-JAN-2012,Active,,cash,RMHJ.J
ITUJ.J,14-OCT-2011,14-JAN-2012,Inactive,,,
RMIJ.J,14-OCT-2011,13-JAN-2012,Active,,cash,RMIJ.J
MEIJ.J,14-OCT-2011,14-JAN-2012,Inactive,,,
SABJ.J,14-OCT-2011,13-JAN-2012,Active,,cash,SABJ.J
MNDJ.J,14-OCT-2011,13-JAN-2012,Active,,cash,MNDJ.J
SBKJ.J,14-OCT-2011,13-JAN-2012,Active,,cash,SBKJ.J
MNPJ.J,14-OCT-2011,13-JAN-2012,Active,,cash,MNPJ.J
SHPJ.J,14-OCT-2011,13-JAN-2012,Active,,cash,SHPJ.J
MRPJ.J,14-OCT-2011,14-JAN-2012,Inactive,,,
SLMJ.J,14-OCT-2011,13-JAN-2012,Active,,cash,SLMJ.J
MTNJ.J,14-OCT-2011,13-JAN-2012,Active,,cash,MTNJ.J
SNHJ.J,14-OCT-2011,14-JAN-2012,Inactive,,,
NEDJ.J,14-OCT-2011,13-JAN-2012,Active,,cash,NEDJ.J
SOLJ.J,14-OCT-2011,13-JAN-2012,Active,,cash,SOLJ.J
NPNJn.J,14-OCT-2011,13-JAN-2012,Active,,cash,NPNJn.J
TBSJ.J,14-OCT-2011,13-JAN-2012,Active,,cash,TBSJ.J
.JTOPI,16-JAN-2012,16-APR-2012,Active,,cash,.JTOPI
AGLJ.J,16-JAN-2012,16-APR-2012,Active,,cash,AGLJ.J
AMSJ.J,16-JAN-2012,16-APR-2012,Active,,cash,AMSJ.J
ANGJ.J,16-JAN-2012,16-APR-2012,Active,,cash,ANGJ.J
APNJ.J,16-JAN-2012,16-APR-2012,Active,,cash,APNJ.J
BATJ.J,16-JAN-2012,16-APR-2012,Active,,cash,BATJ.J
BGAJ.J,15-JAN-2012,16-APR-2012,Inactive,,,
BILJ.J,16-JAN-2012,16-APR-2012,Active,,cash,BILJ.J
BTIJ.J,16-JAN-2012,16-APR-2012,Active,,cash,BTIJ.J
BVTJ.J,16-JAN-2012,16-APR-2012,Active,,cash,BVTJ.J
CCOJ.J,16-JAN-2012,16-APR-2012,Active,,cash,CCOJ.J
CFRJ.J,16-JAN-2012,16-APR-2012,Active,,cash,CFRJ.J
CPIJ.J,16-JAN-2012,16-APR-2012,Active,,cash,CPIJ.J
DSYJ.J,16-JAN-2012,16-APR-2012,Active,,cash,DSYJ.J
FFAJ.J,16-JAN-2012,16-APR-2012,Active,,cash,FFAJ.J
NTCJ.J,16-JAN-2012,16-APR-2012,Active,,cash,NTCJ.J
VODJ.J,16-JAN-2012,16-APR-2012,Active,,cash,VODJ.J
FFBJ.J,16-JAN-2012,16-APR-2012,Active,,cash,FFBJ.J
OMLJ.J,16-JAN-2012,16-APR-2012,Active,,cash,OMLJ.J
WHLJ.J,16-JAN-2012,16-APR-2012,Active,,cash,WHLJ.J
FSRJ.J,16-JAN-2012,16-APR-2012,Active,,cash,FSRJ.J
RDFJ.J,16-JAN-2012,16-APR-2012,Active,,cash,RDFJ.J
GRTJ.J,16-JAN-2012,16-APR-2012,Active,,cash,GRTJ.J
REIJ.J,16-JAN-2012,16-APR-2012,Active,,cash,REIJ.J
INLJ.J,16-JAN-2012,16-APR-2012,Active,,cash,INLJ.J
REMJ.J,16-JAN-2012,16-APR-2012,Active,,cash,REMJ.J
INPJ.J,16-JAN-2012,16-APR-2012,Active,,cash,INPJ.J
RMHJ.J,16-JAN-2012,16-APR-2012,Active,,cash,RMHJ.J
ITUJ.J,15-JAN-2012,16-APR-2012,Inactive,,,
RMIJ.J,16-JAN-2012,16-APR-2012,Active,,cash,RMIJ.J
MEIJ.J,15-JAN-2012,16-APR-2012,Inactive,,,
SABJ.J,16-JAN-2012,16-APR-2012,Active,,cash,SABJ.J
MNDJ.J,16-JAN-2012,16-APR-2012,Active,,cash,MNDJ.J
SBKJ.J,16-JAN-2012,16-APR-2012,Active,,cash,SBKJ.J
MNPJ.J,16-JAN-2012,16-APR-2012,Active,,cash,MNPJ.J
SHPJ.J,16-JAN-2012,16-APR-2012,Active,,cash,SHPJ.J
MRPJ.J,15-JAN-2012,16-APR-2012,Inactive,,,
SLMJ.J,16-JAN-2012,16-APR-2012,Active,,cash,SLMJ.J
MTNJ.J,16-JAN-2012,16-APR-2012,Active,,cash,MTNJ.J
SNHJ.J,15-JAN-2012,16-APR-2012,Inactive,,,
NEDJ.J,16-JAN-2012,16-APR-2012,Active,,cash,NEDJ.J
SOLJ.J,16-JAN-2012,16-APR-2012,Active,,cash,SOLJ.J
NPNJn.J,16-JAN-2012,16-APR-2012,Active,,cash,NPNJn.J
TBSJ.J,16-JAN-2012,16-APR-2012,Active,,cash,TBSJ.J
.JTOPI,17-APR-2012,18-JUL-2012,Active,,cash,.JTOPI
AGLJ.J,17-APR-2012,18-JUL-2012,Active,,cash,AGLJ.J
AMSJ.J,17-APR-2012,18-JUL-2012,Active,,cash,AMSJ.J
ANGJ.J,17-APR-2012,18-JUL-2012,Active,,cash,ANGJ.J
APNJ.J,17-APR-2012,18-JUL-2012,Active,,cash,APNJ.J
BATJ.J,17-APR-2012,18-JUL-2012,Active,,cash,BATJ.J
BGAJ.J,17-APR-2012,18-JUL-2012,Inactive,,,
BILJ.J,17-APR-2012,18-JUL-2012,Active,,cash,BILJ.J
BTIJ.J,17-APR-2012,18-JUL-2012,Active,,cash,BTIJ.J
BVTJ.J,17-APR-2012,18-JUL-2012,Active,,cash,BVTJ.J
CCOJ.J,17-APR-2012,18-JUL-2012,Active,,cash,CCOJ.J
CFRJ.J,17-APR-2012,18-JUL-2012,Active,,cash,CFRJ.J
CPIJ.J,17-APR-2012,18-JUL-2012,Active,,cash,CPIJ.J
DSYJ.J,17-APR-2012,18-JUL-2012,Active,,cash,DSYJ.J
FFAJ.J,17-APR-2012,18-JUL-2012,Active,,cash,FFAJ.J
NTCJ.J,17-APR-2012,18-JUL-2012,Active,,cash,NTCJ.J
VODJ.J,17-APR-2012,18-JUL-2012,Active,,cash,VODJ.J
FFBJ.J,17-APR-2012,18-JUL-2012,Active,,cash,FFBJ.J
OMLJ.J,17-APR-2012,18-JUL-2012,Active,,cash,OMLJ.J
WHLJ.J,17-APR-2012,18-JUL-2012,Active,,cash,WHLJ.J
FSRJ.J,17-APR-2012,18-JUL-2012,Active,,cash,FSRJ.J
RDFJ.J,17-APR-2012,18-JUL-2012,Active,,cash,RDFJ.J
GRTJ.J,17-APR-2012,18-JUL-2012,Active,,cash,GRTJ.J
REIJ.J,17-APR-2012,18-JUL-2012,Active,,cash,REIJ.J
INLJ.J,17-APR-2012,18-JUL-2012,Active,,cash,INLJ.J
REMJ.J,17-APR-2012,18-JUL-2012,Active,,cash,REMJ.J
INPJ.J,17-APR-2012,18-JUL-2012,Active,,cash,INPJ.J
RMHJ.J,17-APR-2012,18-JUL-2012,Active,,cash,RMHJ.J
ITUJ.J,17-APR-2012,18-JUL-2012,Inactive,,,
RMIJ.J,17-APR-2012,18-JUL-2012,Active,,cash,RMIJ.J
MEIJ.J,17-APR-2012,18-JUL-2012,Inactive,,,
SABJ.J,17-APR-2012,18-JUL-2012,Active,,cash,SABJ.J
MNDJ.J,17-APR-2012,18-JUL-2012,Active,,cash,MNDJ.J
SBKJ.J,17-APR-2012,18-JUL-2012,Active,,cash,SBKJ.J
MNPJ.J,17-APR-2012,18-JUL-2012,Active,,cash,MNPJ.J
SHPJ.J,17-APR-2012,18-JUL-2012,Active,,cash,SHPJ.J
MRPJ.J,17-APR-2012,18-JUL-2012,Inactive,,,
SLMJ.J,17-APR-2012,18-JUL-2012,Active,,cash,SLMJ.J
MTNJ.J,17-APR-2012,18-JUL-2012,Active,,cash,MTNJ.J
SNHJ.J,17-APR-2012,18-JUL-2012,Inactive,,,
NEDJ.J,17-APR-2012,18-JUL-2012,Active,,cash,NEDJ.J
SOLJ.J,17-APR-2012,18-JUL-2012,Active,,cash,SOLJ.J
NPNJn.J,17-APR-2012,18-JUL-2012,Active,,cash,NPNJn.J
TBSJ.J,17-APR-2012,18-JUL-2012,Active,,cash,TBSJ.J
.JTOPI,19-JUL-2012,19-OCT-2012,Active,,cash,.JTOPI
AGLJ.J,19-JUL-2012,19-OCT-2012,Active,,cash,AGLJ.J
AMSJ.J,19-JUL-2012,19-OCT-2012,Active,,cash,AMSJ.J
ANGJ.J,19-JUL-2012,19-OCT-2012,Active,,cash,ANGJ.J
APNJ.J,19-JUL-2012,19-OCT-2012,Active,,cash,APNJ.J
BATJ.J,19-JUL-2012,19-OCT-2012,Active,,cash,BATJ.J
BGAJ.J,19-JUL-2012,19-OCT-2012,Inactive,,,
BILJ.J,19-JUL-2012,19-OCT-2012,Active,,cash,BILJ.J
BTIJ.J,19-JUL-2012,19-OCT-2012,Active,,cash,BTIJ.J
BVTJ.J,19-JUL-2012,19-OCT-2012,Active,,cash,BVTJ.J
CCOJ.J,19-JUL-2012,19-OCT-2012,Active,,cash,CCOJ.J
CFRJ.J,19-JUL-2012,19-OCT-2012,Active,,cash,CFRJ.J
CPIJ.J,19-JUL-2012,19-OCT-2012,Active,,cash,CPIJ.J
DSYJ.J,19-JUL-2012,19-OCT-2012,Active,,cash,DSYJ.J
FFAJ.J,19-JUL-2012,19-OCT-2012,Active,,cash,FFAJ.J
NTCJ.J,19-JUL-2012,19-OCT-2012,Active,,cash,NTCJ.J
VODJ.J,19-JUL-2012,19-OCT-2012,Active,,cash,VODJ.J
FFBJ.J,19-JUL-2012,19-OCT-2012,Active,,cash,FFBJ.J
OMLJ.J,19-JUL-2012,19-OCT-2012,Active,,cash,OMLJ.J
WHLJ.J,19-JUL-2012,19-OCT-2012,Active,,cash,WHLJ.J
FSRJ.J,19-JUL-2012,19-OCT-2012,Active,,cash,FSRJ.J
RDFJ.J,19-JUL-2012,19-OCT-2012,Active,,cash,RDFJ.J
GRTJ.J,19-JUL-2012,19-OCT-2012,Active,,cash,GRTJ.J
REIJ.J,19-JUL-2012,19-OCT-2012,Active,,cash,REIJ.J
INLJ.J,19-JUL-2012,19-OCT-2012,Active,,cash,INLJ.J
REMJ.J,19-JUL-2012,19-OCT-2012,Active,,cash,REMJ.J
INPJ.J,19-JUL-2012,19-OCT-2012,Active,,cash,INPJ.J
RMHJ.J,19-JUL-2012,19-OCT-2012,Active,,cash,RMHJ.J
ITUJ.J,19-JUL-2012,19-OCT-2012,Inactive,,,
RMIJ.J,19-JUL-2012,19-OCT-2012,Active,,cash,RMIJ.J
MEIJ.J,19-JUL-2012,19-OCT-2012,Inactive,,,
SABJ.J,19-JUL-2012,19-OCT-2012,Active,,cash,SABJ.J
MNDJ.J,19-JUL-2012,19-OCT-2012,Active,,cash,MNDJ.J
SBKJ.J,19-JUL-2012,19-OCT-2012,Active,,cash,SBKJ.J
MNPJ.J,19-JUL-2012,19-OCT-2012,Active,,cash,MNPJ.J
SHPJ.J,19-JUL-2012,19-OCT-2012,Active,,cash,SHPJ.J
MRPJ.J,19-JUL-2012,19-OCT-2012,Inactive,,,
SLMJ.J,19-JUL-2012,19-OCT-2012,Active,,cash,SLMJ.J
MTNJ.J,19-JUL-2012,19-OCT-2012,Active,,cash,MTNJ.J
SNHJ.J,19-JUL-2012,19-OCT-2012,Inactive,,,
NEDJ.J,19-JUL-2012,19-OCT-2012,Active,,cash,NEDJ.J
SOLJ.J,19-JUL-2012,19-OCT-2012,Active,,cash,SOLJ.J
NPNJn.J,19-JUL-2012,19-OCT-2012,Active,,cash,NPNJn.J
TBSJ.J,19-JUL-2012,19-OCT-2012,Active,,cash,TBSJ.J
.JTOPI,22-OCT-2012,18-JAN-2013,Active,,cash,.JTOPI
AGLJ.J,22-OCT-2012,18-JAN-2013,Active,,cash,AGLJ.J
AMSJ.J,22-OCT-2012,18-JAN-2013,Active,,cash,AMSJ.J
ANGJ.J,22-OCT-2012,18-JAN-2013,Active,,cash,ANGJ.J
APNJ.J,22-OCT-2012,18-JAN-2013,Active,,cash,APNJ.J
BATJ.J,22-OCT-2012,18-JAN-2013,Active,,cash,BATJ.J
BGAJ.J,20-OCT-2012,20-JAN-2013,Inactive,,,
BILJ.J,22-OCT-2012,18-JAN-2013,Active,,cash,BILJ.J
BTIJ.J,22-OCT-2012,18-JAN-2013,Active,,cash,BTIJ.J
BVTJ.J,22-OCT-2012,18-JAN-2013,Active,,cash,BVTJ.J
CCOJ.J,22-OCT-2012,18-JAN-2013,Active,,cash,CCOJ.J
CFRJ.J,22-OCT-2012,18-JAN-2013,Active,,cash,CFRJ.J
CPIJ.J,22-OCT-2012,18-JAN-2013,Active,,cash,CPIJ.J
DSYJ.J,22-OCT-2012,18-JAN-2013,Active,,cash,DSYJ.J
FFAJ.J,22-OCT-2012,18-JAN-2013,Active,,cash,FFAJ.J
NTCJ.J,22-OCT-2012,18-JAN-2013,Active,,cash,NTCJ.J
VODJ.J,22-OCT-2012,18-JAN-2013,Active,,cash,VODJ.J
FFBJ.J,22-OCT-2012,18-JAN-2013,Active,,cash,FFBJ.J
OMLJ.J,22-OCT-2012,18-JAN-2013,Active,,cash,OMLJ.J
WHLJ.J,22-OCT-2012,18-JAN-2013,Active,,cash,WHLJ.J
FSRJ.J,22-OCT-2012,18-JAN-2013,Active,,cash,FSRJ.J
RDFJ.J,22-OCT-2012,18-JAN-2013,Active,,cash,RDFJ.J
GRTJ.J,22-OCT-2012,18-JAN-2013,Active,,cash,GRTJ.J
REIJ.J,22-OCT-2012,18-JAN-2013,Active,,cash,REIJ.J
INLJ.J,22-OCT-2012,18-JAN-2013,Active,,cash,INLJ.J
REMJ.J,22-OCT-2012,18-JAN-2013,Active,,cash,REMJ.J
INPJ.J,22-OCT-2012,18-JAN-2013,Active,,cash,INPJ.J
RMHJ.J,22-OCT-2012,18-JAN-2013,Active,,cash,RMHJ.J
ITUJ.J,20-OCT-2012,20-JAN-2013,Inactive,,,
RMIJ.J,22-OCT-2012,18-JAN-2013,Active,,cash,RMIJ.J
MEIJ.J,20-OCT-2012,20-JAN-2013,Inactive,,,
SABJ.J,22-OCT-2012,18-JAN-2013,Active,,cash,SABJ.J
MNDJ.J,22-OCT-2012,18-JAN-2013,Active,,cash,MNDJ.J
SBKJ.J,22-OCT-2012,18-JAN-2013,Active,,cash,SBKJ.J
MNPJ.J,22-OCT-2012,18-JAN-2013,Active,,cash,MNPJ.J
SHPJ.J,22-OCT-2012,18-JAN-2013,Active,,cash,SHPJ.J
MRPJ.J,20-OCT-2012,20-JAN-2013,Inactive,,,
SLMJ.J,22-OCT-2012,18-JAN-2013,Active,,cash,SLMJ.J
MTNJ.J,22-OCT-2012,18-JAN-2013,Active,,cash,MTNJ.J
SNHJ.J,20-OCT-2012,20-JAN-2013,Inactive,,,
NEDJ.J,22-OCT-2012,18-JAN-2013,Active,,cash,NEDJ.J
SOLJ.J,22-OCT-2012,18-JAN-2013,Active,,cash,SOLJ.J
NPNJn.J,22-OCT-2012,18-JAN-2013,Active,,cash,NPNJn.J
TBSJ.J,22-OCT-2012,18-JAN-2013,Active,,cash,TBSJ.J
.JTOPI,21-JAN-2013,23-APR-2013,Active,,cash,.JTOPI
AGLJ.J,21-JAN-2013,23-APR-2013,Active,,cash,AGLJ.J
AMSJ.J,21-JAN-2013,23-APR-2013,Active,,cash,AMSJ.J
ANGJ.J,21-JAN-2013,23-APR-2013,Active,,cash,ANGJ.J
APNJ.J,21-JAN-2013,23-APR-2013,Active,,cash,APNJ.J
BATJ.J,21-JAN-2013,23-APR-2013,Active,,cash,BATJ.J
BGAJ.J,21-JAN-2013,23-APR-2013,Inactive,,,
BILJ.J,21-JAN-2013,23-APR-2013,Active,,cash,BILJ.J
BTIJ.J,21-JAN-2013,23-APR-2013,Active,,cash,BTIJ.J
BVTJ.J,21-JAN-2013,23-APR-2013,Active,,cash,BVTJ.J
CCOJ.J,21-JAN-2013,23-APR-2013,Active,,cash,CCOJ.J
CFRJ.J,21-JAN-2013,23-APR-2013,Active,,cash,CFRJ.J
CPIJ.J,21-JAN-2013,23-APR-2013,Active,,cash,CPIJ.J
DSYJ.J,21-JAN-2013,23-APR-2013,Active,,cash,DSYJ.J
FFAJ.J,21-JAN-2013,23-APR-2013,Active,,cash,FFAJ.J
NTCJ.J,21-JAN-2013,23-APR-2013,Active,,cash,NTCJ.J
VODJ.J,21-JAN-2013,23-APR-2013,Active,,cash,VODJ.J
FFBJ.J,21-JAN-2013,23-APR-2013,Active,,cash,FFBJ.J
OMLJ.J,21-JAN-2013,23-APR-2013,Active,,cash,OMLJ.J
WHLJ.J,21-JAN-2013,23-APR-2013,Active,,cash,WHLJ.J
FSRJ.J,21-JAN-2013,23-APR-2013,Active,,cash,FSRJ.J
RDFJ.J,21-JAN-2013,23-APR-2013,Active,,cash,RDFJ.J
GRTJ.J,21-JAN-2013,23-APR-2013,Active,,cash,GRTJ.J
REIJ.J,21-JAN-2013,23-APR-2013,Active,,cash,REIJ.J
INLJ.J,21-JAN-2013,23-APR-2013,Active,,cash,INLJ.J
REMJ.J,21-JAN-2013,23-APR-2013,Active,,cash,REMJ.J
INPJ.J,21-JAN-2013,23-APR-2013,Active,,cash,INPJ.J
RMHJ.J,21-JAN-2013,23-APR-2013,Active,,cash,RMHJ.J
ITUJ.J,21-JAN-2013,17-FEB-2013,Inactive,,,
ITUJ.J,18-FEB-2013,23-APR-2013,Active,,cash,ITUJ.J
RMIJ.J,21-JAN-2013,23-APR-2013,Active,,cash,RMIJ.J
MEIJ.J,21-JAN-2013,23-APR-2013,Inactive,,,
SABJ.J,21-JAN-2013,23-APR-2013,Active,,cash,SABJ.J
MNDJ.J,21-JAN-2013,23-APR-2013,Active,,cash,MNDJ.J
SBKJ.J,21-JAN-2013,23-APR-2013,Active,,cash,SBKJ.J
MNPJ.J,21-JAN-2013,23-APR-2013,Active,,cash,MNPJ.J
SHPJ.J,21-JAN-2013,23-APR-2013,Active,,cash,SHPJ.J
MRPJ.J,21-JAN-2013,23-APR-2013,Inactive,,,
SLMJ.J,21-JAN-2013,23-APR-2013,Active,,cash,SLMJ.J
MTNJ.J,21-JAN-2013,23-APR-2013,Active,,cash,MTNJ.J
SNHJ.J,21-JAN-2013,23-APR-2013,Inactive,,,
NEDJ.J,21-JAN-2013,23-APR-2013,Active,,cash,NEDJ.J
SOLJ.J,21-JAN-2013,23-APR-2013,Active,,cash,SOLJ.J
NPNJn.J,21-JAN-2013,23-APR-2013,Active,,cash,NPNJn.J
TBSJ.J,21-JAN-2013,23-APR-2013,Active,,cash,TBSJ.J
.JTOPI,24-APR-2013,25-JUL-2013,Active,,cash,.JTOPI
AGLJ.J,24-APR-2013,25-JUL-2013,Active,,cash,AGLJ.J
AMSJ.J,24-APR-2013,25-JUL-2013,Active,,cash,AMSJ.J
ANGJ.J,24-APR-2013,25-JUL-2013,Active,,cash,ANGJ.J
APNJ.J,24-APR-2013,25-JUL-2013,Active,,cash,APNJ.J
BATJ.J,24-APR-2013,25-JUL-2013,Active,,cash,BATJ.J
BGAJ.J,24-APR-2013,25-JUL-2013,Inactive,,,
BILJ.J,24-APR-2013,25-JUL-2013,Active,,cash,BILJ.J
BTIJ.J,24-APR-2013,25-JUL-2013,Active,,cash,BTIJ.J
BVTJ.J,24-APR-2013,25-JUL-2013,Active,,cash,BVTJ.J
CCOJ.J,24-APR-2013,25-JUL-2013,Active,,cash,CCOJ.J
CFRJ.J,24-APR-2013,25-JUL-2013,Active,,cash,CFRJ.J
CPIJ.J,24-APR-2013,25-JUL-2013,Active,,cash,CPIJ.J
DSYJ.J,24-APR-2013,25-JUL-2013,Active,,cash,DSYJ.J
FFAJ.J,24-APR-2013,25-JUL-2013,Active,,cash,FFAJ.J
NTCJ.J,24-APR-2013,25-JUL-2013,Active,,cash,NTCJ.J
VODJ.J,24-APR-2013,25-JUL-2013,Active,,cash,VODJ.J
FFBJ.J,24-APR-2013,25-JUL-2013,Active,,cash,FFBJ.J
OMLJ.J,24-APR-2013,25-JUL-2013,Active,,cash,OMLJ.J
WHLJ.J,24-APR-2013,25-JUL-2013,Active,,cash,WHLJ.J
FSRJ.J,24-APR-2013,25-JUL-2013,Active,,cash,FSRJ.J
RDFJ.J,24-APR-2013,25-JUL-2013,Active,,cash,RDFJ.J
GRTJ.J,24-APR-2013,25-JUL-2013,Active,,cash,GRTJ.J
REIJ.J,24-APR-2013,25-JUL-2013,Active,,cash,REIJ.J
INLJ.J,24-APR-2013,25-JUL-2013,Active,,cash,INLJ.J
REMJ.J,24-APR-2013,25-JUL-2013,Active,,cash,REMJ.J
INPJ.J,24-APR-2013,25-JUL-2013,Active,,cash,INPJ.J
RMHJ.J,24-APR-2013,25-JUL-2013,Active,,cash,RMHJ.J
ITUJ.J,24-APR-2013,25-JUL-2013,Active,,cash,ITUJ.J
RMIJ.J,24-APR-2013,25-JUL-2013,Active,,cash,RMIJ.J
MEIJ.J,24-APR-2013,25-JUL-2013,Inactive,,,
SABJ.J,24-APR-2013,25-JUL-2013,Active,,cash,SABJ.J
MNDJ.J,24-APR-2013,25-JUL-2013,Active,,cash,MNDJ.J
SBKJ.J,24-APR-2013,25-JUL-2013,Active,,cash,SBKJ.J
MNPJ.J,24-APR-2013,25-JUL-2013,Active,,cash,MNPJ.J
SHPJ.J,24-APR-2013,25-JUL-2013,Active,,cash,SHPJ.J
MRPJ.J,24-APR-2013,25-JUL-2013,Inactive,,,
SLMJ.J,24-APR-2013,25-JUL-2013,Active,,cash,SLMJ.J
MTNJ.J,24-APR-2013,25-JUL-2013,Active,,cash,MTNJ.J
SNHJ.J,24-APR-2013,25-JUL-2013,Inactive,,,
NEDJ.J,24-APR-2013,25-JUL-2013,Active,,cash,NEDJ.J
SOLJ.J,24-APR-2013,25-JUL-2013,Active,,cash,SOLJ.J
NPNJn.J,24-APR-2013,25-JUL-2013,Active,,cash,NPNJn.J
TBSJ.J,24-APR-2013,25-JUL-2013,Active,,cash,TBSJ.J
.JTOPI,26-JUL-2013,25-OCT-2013,Active,,cash,.JTOPI
AGLJ.J,26-JUL-2013,25-OCT-2013,Active,,cash,AGLJ.J
AMSJ.J,26-JUL-2013,25-OCT-2013,Active,,cash,AMSJ.J
ANGJ.J,26-JUL-2013,25-OCT-2013,Active,,cash,ANGJ.J
APNJ.J,26-JUL-2013,25-OCT-2013,Active,,cash,APNJ.J
BATJ.J,26-JUL-2013,25-OCT-2013,Active,,cash,BATJ.J
BGAJ.J,26-JUL-2013,31-JUL-2013,Inactive,,,
BGAJ.J,02-AUG-2013,25-OCT-2013,Active,,cash,BGAJ.J
BILJ.J,26-JUL-2013,25-OCT-2013,Active,,cash,BILJ.J
BTIJ.J,26-JUL-2013,25-OCT-2013,Active,,cash,BTIJ.J
BVTJ.J,26-JUL-2013,25-OCT-2013,Active,,cash,BVTJ.J
CCOJ.J,26-JUL-2013,25-OCT-2013,Active,,cash,CCOJ.J
CFRJ.J,26-JUL-2013,25-OCT-2013,Active,,cash,CFRJ.J
CPIJ.J,26-JUL-2013,25-OCT-2013,Active,,cash,CPIJ.J
DSYJ.J,26-JUL-2013,25-OCT-2013,Active,,cash,DSYJ.J
FFAJ.J,26-JUL-2013,25-OCT-2013,Active,,cash,FFAJ.J
NTCJ.J,26-JUL-2013,25-OCT-2013,Active,,cash,NTCJ.J
VODJ.J,26-JUL-2013,25-OCT-2013,Active,,cash,VODJ.J
FFBJ.J,26-JUL-2013,25-OCT-2013,Active,,cash,FFBJ.J
OMLJ.J,26-JUL-2013,25-OCT-2013,Active,,cash,OMLJ.J
WHLJ.J,26-JUL-2013,25-OCT-2013,Active,,cash,WHLJ.J
FSRJ.J,26-JUL-2013,25-OCT-2013,Active,,cash,FSRJ.J
RDFJ.J,26-JUL-2013,25-OCT-2013,Active,,cash,RDFJ.J
GRTJ.J,26-JUL-2013,25-OCT-2013,Active,,cash,GRTJ.J
REIJ.J,26-JUL-2013,25-OCT-2013,Active,,cash,REIJ.J
INLJ.J,26-JUL-2013,25-OCT-2013,Active,,cash,INLJ.J
REMJ.J,26-JUL-2013,25-OCT-2013,Active,,cash,REMJ.J
INPJ.J,26-JUL-2013,25-OCT-2013,Active,,cash,INPJ.J
RMHJ.J,26-JUL-2013,25-OCT-2013,Active,,cash,RMHJ.J
ITUJ.J,26-JUL-2013,25-OCT-2013,Active,,cash,ITUJ.J
RMIJ.J,26-JUL-2013,25-OCT-2013,Active,,cash,RMIJ.J
MEIJ.J,26-JUL-2013,26-OCT-2013,Inactive,,,
SABJ.J,26-JUL-2013,25-OCT-2013,Active,,cash,SABJ.J
MNDJ.J,26-JUL-2013,25-OCT-2013,Active,,cash,MNDJ.J
SBKJ.J,26-JUL-2013,25-OCT-2013,Active,,cash,SBKJ.J
MNPJ.J,26-JUL-2013,25-OCT-2013,Active,,cash,MNPJ.J
SHPJ.J,26-JUL-2013,25-OCT-2013,Active,,cash,SHPJ.J
MRPJ.J,26-JUL-2013,26-OCT-2013,Inactive,,,
SLMJ.J,26-JUL-2013,25-OCT-2013,Active,,cash,SLMJ.J
MTNJ.J,26-JUL-2013,25-OCT-2013,Active,,cash,MTNJ.J
SNHJ.J,26-JUL-2013,26-OCT-2013,Inactive,,,
NEDJ.J,26-JUL-2013,25-OCT-2013,Active,,cash,NEDJ.J
SOLJ.J,26-JUL-2013,25-OCT-2013,Active,,cash,SOLJ.J
NPNJn.J,26-JUL-2013,25-OCT-2013,Active,,cash,NPNJn.J
TBSJ.J,26-JUL-2013,25-OCT-2013,Active,,cash,TBSJ.J
.JTOPI,28-OCT-2013,27-JAN-2014,Active,,cash,.JTOPI
AGLJ.J,28-OCT-2013,27-JAN-2014,Active,,cash,AGLJ.J
AMSJ.J,28-OCT-2013,27-JAN-2014,Active,,cash,AMSJ.J
ANGJ.J,28-OCT-2013,27-JAN-2014,Active,,cash,ANGJ.J
APNJ.J,28-OCT-2013,27-JAN-2014,Active,,cash,APNJ.J
BATJ.J,28-OCT-2013,27-JAN-2014,Active,,cash,BATJ.J
BGAJ.J,28-OCT-2013,27-JAN-2014,Active,,cash,BGAJ.J
BILJ.J,28-OCT-2013,27-JAN-2014,Active,,cash,BILJ.J
BTIJ.J,28-OCT-2013,27-JAN-2014,Active,,cash,BTIJ.J
BVTJ.J,28-OCT-2013,27-JAN-2014,Active,,cash,BVTJ.J
CCOJ.J,28-OCT-2013,27-JAN-2014,Active,,cash,CCOJ.J
CFRJ.J,28-OCT-2013,27-JAN-2014,Active,,cash,CFRJ.J
CPIJ.J,28-OCT-2013,27-JAN-2014,Active,,cash,CPIJ.J
DSYJ.J,28-OCT-2013,27-JAN-2014,Active,,cash,DSYJ.J
FFAJ.J,28-OCT-2013,27-JAN-2014,Active,,cash,FFAJ.J
NTCJ.J,28-OCT-2013,27-JAN-2014,Active,,cash,NTCJ.J
VODJ.J,28-OCT-2013,27-JAN-2014,Active,,cash,VODJ.J
FFBJ.J,28-OCT-2013,27-JAN-2014,Active,,cash,FFBJ.J
OMLJ.J,28-OCT-2013,27-JAN-2014,Active,,cash,OMLJ.J
WHLJ.J,28-OCT-2013,27-JAN-2014,Active,,cash,WHLJ.J
FSRJ.J,28-OCT-2013,27-JAN-2014,Active,,cash,FSRJ.J
RDFJ.J,28-OCT-2013,27-JAN-2014,Active,,cash,RDFJ.J
GRTJ.J,28-OCT-2013,27-JAN-2014,Active,,cash,GRTJ.J
REIJ.J,28-OCT-2013,27-JAN-2014,Active,,cash,REIJ.J
INLJ.J,28-OCT-2013,27-JAN-2014,Active,,cash,INLJ.J
REMJ.J,28-OCT-2013,27-JAN-2014,Active,,cash,REMJ.J
INPJ.J,28-OCT-2013,27-JAN-2014,Active,,cash,INPJ.J
RMHJ.J,28-OCT-2013,27-JAN-2014,Active,,cash,RMHJ.J
ITUJ.J,28-OCT-2013,27-JAN-2014,Active,,cash,ITUJ.J
RMIJ.J,28-OCT-2013,27-JAN-2014,Active,,cash,RMIJ.J
MEIJ.J,27-OCT-2013,27-JAN-2014,Inactive,,,
SABJ.J,28-OCT-2013,27-JAN-2014,Active,,cash,SABJ.J
MNDJ.J,28-OCT-2013,27-JAN-2014,Active,,cash,MNDJ.J
SBKJ.J,28-OCT-2013,27-JAN-2014,Active,,cash,SBKJ.J
MNPJ.J,28-OCT-2013,27-JAN-2014,Active,,cash,MNPJ.J
SHPJ.J,28-OCT-2013,27-JAN-2014,Active,,cash,SHPJ.J
MRPJ.J,27-OCT-2013,27-JAN-2014,Inactive,,,
SLMJ.J,28-OCT-2013,27-JAN-2014,Active,,cash,SLMJ.J
MTNJ.J,28-OCT-2013,27-JAN-2014,Active,,cash,MTNJ.J
SNHJ.J,27-OCT-2013,27-JAN-2014,Inactive,,,
NEDJ.J,28-OCT-2013,27-JAN-2014,Active,,cash,NEDJ.J
SOLJ.J,28-OCT-2013,27-JAN-2014,Active,,cash,SOLJ.J
NPNJn.J,28-OCT-2013,27-JAN-2014,Active,,cash,NPNJn.J
TBSJ.J,28-OCT-2013,27-JAN-2014,Active,,cash,TBSJ.J
.JTOPI,28-JAN-2014,30-APR-2014,Active,,cash,.JTOPI
AGLJ.J,28-JAN-2014,30-APR-2014,Active,,cash,AGLJ.J
AMSJ.J,28-JAN-2014,30-APR-2014,Active,,cash,AMSJ.J
ANGJ.J,28-JAN-2014,30-APR-2014,Active,,cash,ANGJ.J
APNJ.J,28-JAN-2014,30-APR-2014,Active,,cash,APNJ.J
BATJ.J,28-JAN-2014,30-APR-2014,Active,,cash,BATJ.J
BGAJ.J,28-JAN-2014,30-APR-2014,Active,,cash,BGAJ.J
BILJ.J,28-JAN-2014,30-APR-2014,Active,,cash,BILJ.J
BTIJ.J,28-JAN-2014,30-APR-2014,Active,,cash,BTIJ.J
BVTJ.J,28-JAN-2014,30-APR-2014,Active,,cash,BVTJ.J
CCOJ.J,28-JAN-2014,30-APR-2014,Active,,cash,CCOJ.J
CFRJ.J,28-JAN-2014,30-APR-2014,Active,,cash,CFRJ.J
CPIJ.J,28-JAN-2014,30-APR-2014,Active,,cash,CPIJ.J
DSYJ.J,28-JAN-2014,30-APR-2014,Active,,cash,DSYJ.J
FFAJ.J,28-JAN-2014,30-APR-2014,Active,,cash,FFAJ.J
NTCJ.J,28-JAN-2014,30-APR-2014,Active,,cash,NTCJ.J
VODJ.J,28-JAN-2014,30-APR-2014,Active,,cash,VODJ.J
FFBJ.J,28-JAN-2014,30-APR-2014,Active,,cash,FFBJ.J
OMLJ.J,28-JAN-2014,30-APR-2014,Active,,cash,OMLJ.J
WHLJ.J,28-JAN-2014,30-APR-2014,Active,,cash,WHLJ.J
FSRJ.J,28-JAN-2014,30-APR-2014,Active,,cash,FSRJ.J
RDFJ.J,28-JAN-2014,30-APR-2014,Active,,cash,RDFJ.J
GRTJ.J,28-JAN-2014,30-APR-2014,Active,,cash,GRTJ.J
REIJ.J,28-JAN-2014,30-APR-2014,Active,,cash,REIJ.J
INLJ.J,28-JAN-2014,30-APR-2014,Active,,cash,INLJ.J
REMJ.J,28-JAN-2014,30-APR-2014,Active,,cash,REMJ.J
INPJ.J,28-JAN-2014,30-APR-2014,Active,,cash,INPJ.J
RMHJ.J,28-JAN-2014,30-APR-2014,Active,,cash,RMHJ.J
ITUJ.J,28-JAN-2014,30-APR-2014,Active,,cash,ITUJ.J
RMIJ.J,28-JAN-2014,30-APR-2014,Active,,cash,RMIJ.J
MEIJ.J,28-JAN-2014,30-APR-2014,Inactive,,,
SABJ.J,28-JAN-2014,30-APR-2014,Active,,cash,SABJ.J
MNDJ.J,28-JAN-2014,30-APR-2014,Active,,cash,MNDJ.J
SBKJ.J,28-JAN-2014,30-APR-2014,Active,,cash,SBKJ.J
MNPJ.J,28-JAN-2014,30-APR-2014,Active,,cash,MNPJ.J
SHPJ.J,28-JAN-2014,30-APR-2014,Active,,cash,SHPJ.J
MRPJ.J,28-JAN-2014,30-APR-2014,Inactive,,,
SLMJ.J,28-JAN-2014,30-APR-2014,Active,,cash,SLMJ.J
MTNJ.J,28-JAN-2014,30-APR-2014,Active,,cash,MTNJ.J
SNHJ.J,28-JAN-2014,30-APR-2014,Inactive,,,
NEDJ.J,28-JAN-2014,30-APR-2014,Active,,cash,NEDJ.J
SOLJ.J,28-JAN-2014,30-APR-2014,Active,,cash,SOLJ.J
NPNJn.J,28-JAN-2014,30-APR-2014,Active,,cash,NPNJn.J
TBSJ.J,28-JAN-2014,30-APR-2014,Active,,cash,TBSJ.J
.JTOPI,02-MAY-2014,01-AUG-2014,Active,,cash,.JTOPI
AGLJ.J,02-MAY-2014,01-AUG-2014,Active,,cash,AGLJ.J
AMSJ.J,02-MAY-2014,01-AUG-2014,Active,,cash,AMSJ.J
ANGJ.J,02-MAY-2014,01-AUG-2014,Active,,cash,ANGJ.J
APNJ.J,02-MAY-2014,01-AUG-2014,Active,,cash,APNJ.J
BATJ.J,02-MAY-2014,01-AUG-2014,Active,,cash,BATJ.J
BGAJ.J,02-MAY-2014,01-AUG-2014,Active,,cash,BGAJ.J
BILJ.J,02-MAY-2014,01-AUG-2014,Active,,cash,BILJ.J
BTIJ.J,02-MAY-2014,01-AUG-2014,Active,,cash,BTIJ.J
BVTJ.J,02-MAY-2014,01-AUG-2014,Active,,cash,BVTJ.J
CCOJ.J,02-MAY-2014,01-AUG-2014,Active,,cash,CCOJ.J
CFRJ.J,02-MAY-2014,01-AUG-2014,Active,,cash,CFRJ.J
CPIJ.J,02-MAY-2014,01-AUG-2014,Active,,cash,CPIJ.J
DSYJ.J,02-MAY-2014,01-AUG-2014,Active,,cash,DSYJ.J
FFAJ.J,02-MAY-2014,01-AUG-2014,Active,,cash,FFAJ.J
NTCJ.J,02-MAY-2014,01-AUG-2014,Active,,cash,NTCJ.J
VODJ.J,02-MAY-2014,01-AUG-2014,Active,,cash,VODJ.J
FFBJ.J,02-MAY-2014,01-AUG-2014,Active,,cash,FFBJ.J
OMLJ.J,02-MAY-2014,01-AUG-2014,Active,,cash,OMLJ.J
WHLJ.J,02-MAY-2014,01-AUG-2014,Active,,cash,WHLJ.J
FSRJ.J,02-MAY-2014,01-AUG-2014,Active,,cash,FSRJ.J
RDFJ.J,02-MAY-2014,01-AUG-2014,Active,,cash,RDFJ.J
GRTJ.J,02-MAY-2014,01-AUG-2014,Active,,cash,GRTJ.J
REIJ.J,02-MAY-2014,01-AUG-2014,Active,,cash,REIJ.J
INLJ.J,02-MAY-2014,01-AUG-2014,Active,,cash,INLJ.J
REMJ.J,02-MAY-2014,01-AUG-2014,Active,,cash,REMJ.J
INPJ.J,02-MAY-2014,01-AUG-2014,Active,,cash,INPJ.J
RMHJ.J,02-MAY-2014,01-AUG-2014,Active,,cash,RMHJ.J
ITUJ.J,02-MAY-2014,01-AUG-2014,Active,,cash,ITUJ.J
RMIJ.J,02-MAY-2014,01-AUG-2014,Active,,cash,RMIJ.J
MEIJ.J,01-MAY-2014,01-AUG-2014,Inactive,,,
SABJ.J,02-MAY-2014,01-AUG-2014,Active,,cash,SABJ.J
MNDJ.J,02-MAY-2014,01-AUG-2014,Active,,cash,MNDJ.J
SBKJ.J,02-MAY-2014,01-AUG-2014,Active,,cash,SBKJ.J
MNPJ.J,02-MAY-2014,01-AUG-2014,Active,,cash,MNPJ.J
SHPJ.J,02-MAY-2014,01-AUG-2014,Active,,cash,SHPJ.J
MRPJ.J,01-MAY-2014,01-AUG-2014,Inactive,,,
SLMJ.J,02-MAY-2014,01-AUG-2014,Active,,cash,SLMJ.J
MTNJ.J,02-MAY-2014,01-AUG-2014,Active,,cash,MTNJ.J
SNHJ.J,01-MAY-2014,01-AUG-2014,Inactive,,,
NEDJ.J,02-MAY-2014,01-AUG-2014,Active,,cash,NEDJ.J
SOLJ.J,02-MAY-2014,01-AUG-2014,Active,,cash,SOLJ.J
NPNJn.J,02-MAY-2014,01-AUG-2014,Active,,cash,NPNJn.J
TBSJ.J,02-MAY-2014,01-AUG-2014,Active,,cash,TBSJ.J
.JTOPI,04-AUG-2014,31-OCT-2014,Active,,cash,.JTOPI
AGLJ.J,04-AUG-2014,31-OCT-2014,Active,,cash,AGLJ.J
AMSJ.J,04-AUG-2014,31-OCT-2014,Active,,cash,AMSJ.J
ANGJ.J,04-AUG-2014,31-OCT-2014,Active,,cash,ANGJ.J
APNJ.J,04-AUG-2014,31-OCT-2014,Active,,cash,APNJ.J
BATJ.J,04-AUG-2014,31-OCT-2014,Active,,cash,BATJ.J
BGAJ.J,04-AUG-2014,31-OCT-2014,Active,,cash,BGAJ.J
BILJ.J,04-AUG-2014,31-OCT-2014,Active,,cash,BILJ.J
BTIJ.J,04-AUG-2014,31-OCT-2014,Active,,cash,BTIJ.J
BVTJ.J,04-AUG-2014,31-OCT-2014,Active,,cash,BVTJ.J
CCOJ.J,04-AUG-2014,31-OCT-2014,Active,,cash,CCOJ.J
CFRJ.J,04-AUG-2014,31-OCT-2014,Active,,cash,CFRJ.J
CPIJ.J,04-AUG-2014,31-OCT-2014,Active,,cash,CPIJ.J
DSYJ.J,04-AUG-2014,31-OCT-2014,Active,,cash,DSYJ.J
FFAJ.J,04-AUG-2014,31-OCT-2014,Active,,cash,FFAJ.J
NTCJ.J,04-AUG-2014,31-OCT-2014,Active,,cash,NTCJ.J
VODJ.J,04-AUG-2014,31-OCT-2014,Active,,cash,VODJ.J
FFBJ.J,04-AUG-2014,31-OCT-2014,Active,,cash,FFBJ.J
OMLJ.J,04-AUG-2014,31-OCT-2014,Active,,cash,OMLJ.J
WHLJ.J,04-AUG-2014,31-OCT-2014,Active,,cash,WHLJ.J
FSRJ.J,04-AUG-2014,31-OCT-2014,Active,,cash,FSRJ.J
RDFJ.J,04-AUG-2014,31-OCT-2014,Active,,cash,RDFJ.J
GRTJ.J,04-AUG-2014,31-OCT-2014,Active,,cash,GRTJ.J
REIJ.J,04-AUG-2014,31-OCT-2014,Active,,cash,REIJ.J
INLJ.J,04-AUG-2014,31-OCT-2014,Active,,cash,INLJ.J
REMJ.J,04-AUG-2014,31-OCT-2014,Active,,cash,REMJ.J
INPJ.J,04-AUG-2014,31-OCT-2014,Active,,cash,INPJ.J
RMHJ.J,04-AUG-2014,31-OCT-2014,Active,,cash,RMHJ.J
ITUJ.J,04-AUG-2014,31-OCT-2014,Active,,cash,ITUJ.J
RMIJ.J,04-AUG-2014,31-OCT-2014,Active,,cash,RMIJ.J
MEIJ.J,02-AUG-2014,02-NOV-2014,Inactive,,,
SABJ.J,04-AUG-2014,31-OCT-2014,Active,,cash,SABJ.J
MNDJ.J,04-AUG-2014,31-OCT-2014,Active,,cash,MNDJ.J
SBKJ.J,04-AUG-2014,31-OCT-2014,Active,,cash,SBKJ.J
MNPJ.J,04-AUG-2014,31-OCT-2014,Active,,cash,MNPJ.J
SHPJ.J,04-AUG-2014,31-OCT-2014,Active,,cash,SHPJ.J
MRPJ.J,02-AUG-2014,02-NOV-2014,Inactive,,,
SLMJ.J,04-AUG-2014,31-OCT-2014,Active,,cash,SLMJ.J
MTNJ.J,04-AUG-2014,31-OCT-2014,Active,,cash,MTNJ.J
SNHJ.J,02-AUG-2014,02-NOV-2014,Inactive,,,
NEDJ.J,04-AUG-2014,31-OCT-2014,Active,,cash,NEDJ.J
SOLJ.J,04-AUG-2014,31-OCT-2014,Active,,cash,SOLJ.J
NPNJn.J,04-AUG-2014,31-OCT-2014,Active,,cash,NPNJn.J
TBSJ.J,04-AUG-2014,31-OCT-2014,Active,,cash,TBSJ.J
.JTOPI,03-NOV-2014,03-FEB-2015,Active,,cash,.JTOPI
AGLJ.J,03-NOV-2014,03-FEB-2015,Active,,cash,AGLJ.J
AMSJ.J,03-NOV-2014,03-FEB-2015,Active,,cash,AMSJ.J
ANGJ.J,03-NOV-2014,03-FEB-2015,Active,,cash,ANGJ.J
APNJ.J,03-NOV-2014,03-FEB-2015,Active,,cash,APNJ.J
BATJ.J,03-NOV-2014,03-FEB-2015,Active,,cash,BATJ.J
BGAJ.J,03-NOV-2014,03-FEB-2015,Active,,cash,BGAJ.J
BILJ.J,03-NOV-2014,03-FEB-2015,Active,,cash,BILJ.J
BTIJ.J,03-NOV-2014,03-FEB-2015,Active,,cash,BTIJ.J
BVTJ.J,03-NOV-2014,03-FEB-2015,Active,,cash,BVTJ.J
CCOJ.J,03-NOV-2014,03-FEB-2015,Active,,cash,CCOJ.J
CFRJ.J,03-NOV-2014,03-FEB-2015,Active,,cash,CFRJ.J
CPIJ.J,03-NOV-2014,03-FEB-2015,Active,,cash,CPIJ.J
DSYJ.J,03-NOV-2014,03-FEB-2015,Active,,cash,DSYJ.J
FFAJ.J,03-NOV-2014,03-FEB-2015,Active,,cash,FFAJ.J
NTCJ.J,03-NOV-2014,03-FEB-2015,Active,,cash,NTCJ.J
VODJ.J,03-NOV-2014,03-FEB-2015,Active,,cash,VODJ.J
FFBJ.J,03-NOV-2014,03-FEB-2015,Active,,cash,FFBJ.J
OMLJ.J,03-NOV-2014,03-FEB-2015,Active,,cash,OMLJ.J
WHLJ.J,03-NOV-2014,03-FEB-2015,Active,,cash,WHLJ.J
FSRJ.J,03-NOV-2014,03-FEB-2015,Active,,cash,FSRJ.J
RDFJ.J,03-NOV-2014,03-FEB-2015,Active,,cash,RDFJ.J
GRTJ.J,03-NOV-2014,03-FEB-2015,Active,,cash,GRTJ.J
REIJ.J,03-NOV-2014,03-FEB-2015,Active,,cash,REIJ.J
INLJ.J,03-NOV-2014,03-FEB-2015,Active,,cash,INLJ.J
REMJ.J,03-NOV-2014,03-FEB-2015,Active,,cash,REMJ.J
INPJ.J,03-NOV-2014,03-FEB-2015,Active,,cash,INPJ.J
RMHJ.J,03-NOV-2014,03-FEB-2015,Active,,cash,RMHJ.J
ITUJ.J,03-NOV-2014,03-FEB-2015,Active,,cash,ITUJ.J
RMIJ.J,03-NOV-2014,03-FEB-2015,Active,,cash,RMIJ.J
MEIJ.J,03-NOV-2014,03-FEB-2015,Inactive,,,
SABJ.J,03-NOV-2014,03-FEB-2015,Active,,cash,SABJ.J
MNDJ.J,03-NOV-2014,03-FEB-2015,Active,,cash,MNDJ.J
SBKJ.J,03-NOV-2014,03-FEB-2015,Active,,cash,SBKJ.J
MNPJ.J,03-NOV-2014,03-FEB-2015,Active,,cash,MNPJ.J
SHPJ.J,03-NOV-2014,03-FEB-2015,Active,,cash,SHPJ.J
MRPJ.J,03-NOV-2014,03-FEB-2015,Inactive,,,
SLMJ.J,03-NOV-2014,03-FEB-2015,Active,,cash,SLMJ.J
MTNJ.J,03-NOV-2014,03-FEB-2015,Active,,cash,MTNJ.J
SNHJ.J,03-NOV-2014,03-FEB-2015,Inactive,,,
NEDJ.J,03-NOV-2014,03-FEB-2015,Active,,cash,NEDJ.J
SOLJ.J,03-NOV-2014,03-FEB-2015,Active,,cash,SOLJ.J
NPNJn.J,03-NOV-2014,03-FEB-2015,Active,,cash,NPNJn.J
TBSJ.J,03-NOV-2014,03-FEB-2015,Active,,cash,TBSJ.J
.JTOPI,04-FEB-2015,07-MAY-2015,Active,,cash,.JTOPI
AGLJ.J,04-FEB-2015,07-MAY-2015,Active,,cash,AGLJ.J
AMSJ.J,04-FEB-2015,07-MAY-2015,Active,,cash,AMSJ.J
ANGJ.J,04-FEB-2015,07-MAY-2015,Active,,cash,ANGJ.J
APNJ.J,04-FEB-2015,07-MAY-2015,Active,,cash,APNJ.J
BATJ.J,04-FEB-2015,07-MAY-2015,Active,,cash,BATJ.J
BGAJ.J,04-FEB-2015,07-MAY-2015,Active,,cash,BGAJ.J
BILJ.J,04-FEB-2015,07-MAY-2015,Active,,cash,BILJ.J
BTIJ.J,04-FEB-2015,07-MAY-2015,Active,,cash,BTIJ.J
BVTJ.J,04-FEB-2015,07-MAY-2015,Active,,cash,BVTJ.J
CCOJ.J,04-FEB-2015,07-MAY-2015,Active,,cash,CCOJ.J
CFRJ.J,04-FEB-2015,07-MAY-2015,Active,,cash,CFRJ.J
CPIJ.J,04-FEB-2015,07-MAY-2015,Active,,cash,CPIJ.J
DSYJ.J,04-FEB-2015,07-MAY-2015,Active,,cash,DSYJ.J
FFAJ.J,04-FEB-2015,07-MAY-2015,Active,,cash,FFAJ.J
NTCJ.J,04-FEB-2015,07-MAY-2015,Active,,cash,NTCJ.J
VODJ.J,04-FEB-2015,07-MAY-2015,Active,,cash,VODJ.J
FFBJ.J,04-FEB-2015,07-MAY-2015,Active,,cash,FFBJ.J
OMLJ.J,04-FEB-2015,07-MAY-2015,Active,,cash,OMLJ.J
WHLJ.J,04-FEB-2015,07-MAY-2015,Active,,cash,WHLJ.J
FSRJ.J,04-FEB-2015,07-MAY-2015,Active,,cash,FSRJ.J
RDFJ.J,04-FEB-2015,07-MAY-2015,Active,,cash,RDFJ.J
GRTJ.J,04-FEB-2015,07-MAY-2015,Active,,cash,GRTJ.J
REIJ.J,04-FEB-2015,07-MAY-2015,Active,,cash,REIJ.J
INLJ.J,04-FEB-2015,07-MAY-2015,Active,,cash,INLJ.J
REMJ.J,04-FEB-2015,07-MAY-2015,Active,,cash,REMJ.J
INPJ.J,04-FEB-2015,07-MAY-2015,Active,,cash,INPJ.J
RMHJ.J,04-FEB-2015,07-MAY-2015,Active,,cash,RMHJ.J
ITUJ.J,04-FEB-2015,07-MAY-2015,Active,,cash,ITUJ.J
RMIJ.J,04-FEB-2015,07-MAY-2015,Active,,cash,RMIJ.J
MEIJ.J,04-FEB-2015,07-MAY-2015,Inactive,,,
SABJ.J,04-FEB-2015,07-MAY-2015,Active,,cash,SABJ.J
MNDJ.J,04-FEB-2015,07-MAY-2015,Active,,cash,MNDJ.J
SBKJ.J,04-FEB-2015,07-MAY-2015,Active,,cash,SBKJ.J
MNPJ.J,04-FEB-2015,07-MAY-2015,Active,,cash,MNPJ.J
SHPJ.J,04-FEB-2015,07-MAY-2015,Active,,cash,SHPJ.J
MRPJ.J,04-FEB-2015,07-MAY-2015,Inactive,,,
SLMJ.J,04-FEB-2015,07-MAY-2015,Active,,cash,SLMJ.J
MTNJ.J,04-FEB-2015,07-MAY-2015,Active,,cash,MTNJ.J
SNHJ.J,04-FEB-2015,07-MAY-2015,Inactive,,,
NEDJ.J,04-FEB-2015,07-MAY-2015,Active,,cash,NEDJ.J
SOLJ.J,04-FEB-2015,07-MAY-2015,Active,,cash,SOLJ.J
NPNJn.J,04-FEB-2015,07-MAY-2015,Active,,cash,NPNJn.J
TBSJ.J,04-FEB-2015,07-MAY-2015,Active,,cash,TBSJ.J
.JTOPI,08-MAY-2015,07-AUG-2015,Active,,cash,.JTOPI
AGLJ.J,08-MAY-2015,07-AUG-2015,Active,,cash,AGLJ.J
AMSJ.J,08-MAY-2015,07-AUG-2015,Active,,cash,AMSJ.J
ANGJ.J,08-MAY-2015,07-AUG-2015,Active,,cash,ANGJ.J
APNJ.J,08-MAY-2015,07-AUG-2015,Active,,cash,APNJ.J
BATJ.J,08-MAY-2015,07-AUG-2015,Active,,cash,BATJ.J
BGAJ.J,08-MAY-2015,07-AUG-2015,Active,,cash,BGAJ.J
BILJ.J,08-MAY-2015,07-AUG-2015,Active,,cash,BILJ.J
BTIJ.J,08-MAY-2015,07-AUG-2015,Active,,cash,BTIJ.J
BVTJ.J,08-MAY-2015,07-AUG-2015,Active,,cash,BVTJ.J
CCOJ.J,08-MAY-2015,07-AUG-2015,Active,,cash,CCOJ.J
CFRJ.J,08-MAY-2015,07-AUG-2015,Active,,cash,CFRJ.J
CPIJ.J,08-MAY-2015,07-AUG-2015,Active,,cash,CPIJ.J
DSYJ.J,08-MAY-2015,07-AUG-2015,Active,,cash,DSYJ.J
FFAJ.J,08-MAY-2015,07-AUG-2015,Active,,cash,FFAJ.J
NTCJ.J,08-MAY-2015,07-AUG-2015,Active,,cash,NTCJ.J
VODJ.J,08-MAY-2015,07-AUG-2015,Active,,cash,VODJ.J
FFBJ.J,08-MAY-2015,07-AUG-2015,Active,,cash,FFBJ.J
OMLJ.J,08-MAY-2015,07-AUG-2015,Active,,cash,OMLJ.J
WHLJ.J,08-MAY-2015,07-AUG-2015,Active,,cash,WHLJ.J
FSRJ.J,08-MAY-2015,07-AUG-2015,Active,,cash,FSRJ.J
RDFJ.J,08-MAY-2015,07-AUG-2015,Active,,cash,RDFJ.J
GRTJ.J,08-MAY-2015,07-AUG-2015,Active,,cash,GRTJ.J
REIJ.J,08-MAY-2015,07-AUG-2015,Active,,cash,REIJ.J
INLJ.J,08-MAY-2015,07-AUG-2015,Active,,cash,INLJ.J
REMJ.J,08-MAY-2015,07-AUG-2015,Active,,cash,REMJ.J
INPJ.J,08-MAY-2015,07-AUG-2015,Active,,cash,INPJ.J
RMHJ.J,08-MAY-2015,07-AUG-2015,Active,,cash,RMHJ.J
ITUJ.J,08-MAY-2015,07-AUG-2015,Active,,cash,ITUJ.J
RMIJ.J,08-MAY-2015,07-AUG-2015,Active,,cash,RMIJ.J
MEIJ.J,08-MAY-2015,08-AUG-2015,Inactive,,,
SABJ.J,08-MAY-2015,07-AUG-2015,Active,,cash,SABJ.J
MNDJ.J,08-MAY-2015,07-AUG-2015,Active,,cash,MNDJ.J
SBKJ.J,08-MAY-2015,07-AUG-2015,Active,,cash,SBKJ.J
MNPJ.J,08-MAY-2015,07-AUG-2015,Active,,cash,MNPJ.J
SHPJ.J,08-MAY-2015,07-AUG-2015,Active,,cash,SHPJ.J
MRPJ.J,08-MAY-2015,08-AUG-2015,Inactive,,,
SLMJ.J,08-MAY-2015,07-AUG-2015,Active,,cash,SLMJ.J
MTNJ.J,08-MAY-2015,07-AUG-2015,Active,,cash,MTNJ.J
SNHJ.J,08-MAY-2015,08-AUG-2015,Inactive,,,
NEDJ.J,08-MAY-2015,07-AUG-2015,Active,,cash,NEDJ.J
SOLJ.J,08-MAY-2015,07-AUG-2015,Active,,cash,SOLJ.J
NPNJn.J,08-MAY-2015,07-AUG-2015,Active,,cash,NPNJn.J
TBSJ.J,08-MAY-2015,07-AUG-2015,Active,,cash,TBSJ.J
.JTOPI,11-AUG-2015,09-NOV-2015,Active,,cash,.JTOPI
AGLJ.J,11-AUG-2015,09-NOV-2015,Active,,cash,AGLJ.J
AMSJ.J,11-AUG-2015,09-NOV-2015,Active,,cash,AMSJ.J
ANGJ.J,11-AUG-2015,09-NOV-2015,Active,,cash,ANGJ.J
APNJ.J,11-AUG-2015,09-NOV-2015,Active,,cash,APNJ.J
BATJ.J,11-AUG-2015,09-NOV-2015,Active,,cash,BATJ.J
BGAJ.J,11-AUG-2015,09-NOV-2015,Active,,cash,BGAJ.J
BILJ.J,11-AUG-2015,09-NOV-2015,Active,,cash,BILJ.J
BTIJ.J,11-AUG-2015,09-NOV-2015,Active,,cash,BTIJ.J
BVTJ.J,11-AUG-2015,09-NOV-2015,Active,,cash,BVTJ.J
CCOJ.J,11-AUG-2015,09-NOV-2015,Active,,cash,CCOJ.J
CFRJ.J,11-AUG-2015,09-NOV-2015,Active,,cash,CFRJ.J
CPIJ.J,11-AUG-2015,09-NOV-2015,Active,,cash,CPIJ.J
DSYJ.J,11-AUG-2015,09-NOV-2015,Active,,cash,DSYJ.J
FFAJ.J,11-AUG-2015,09-NOV-2015,Active,,cash,FFAJ.J
NTCJ.J,11-AUG-2015,09-NOV-2015,Active,,cash,NTCJ.J
VODJ.J,11-AUG-2015,09-NOV-2015,Active,,cash,VODJ.J
FFBJ.J,11-AUG-2015,09-NOV-2015,Active,,cash,FFBJ.J
OMLJ.J,11-AUG-2015,09-NOV-2015,Active,,cash,OMLJ.J
WHLJ.J,11-AUG-2015,09-NOV-2015,Active,,cash,WHLJ.J
FSRJ.J,11-AUG-2015,09-NOV-2015,Active,,cash,FSRJ.J
RDFJ.J,11-AUG-2015,09-NOV-2015,Active,,cash,RDFJ.J
GRTJ.J,11-AUG-2015,09-NOV-2015,Active,,cash,GRTJ.J
REIJ.J,11-AUG-2015,09-NOV-2015,Active,,cash,REIJ.J
INLJ.J,11-AUG-2015,09-NOV-2015,Active,,cash,INLJ.J
REMJ.J,11-AUG-2015,09-NOV-2015,Active,,cash,REMJ.J
INPJ.J,11-AUG-2015,09-NOV-2015,Active,,cash,INPJ.J
RMHJ.J,11-AUG-2015,09-NOV-2015,Active,,cash,RMHJ.J
ITUJ.J,11-AUG-2015,09-NOV-2015,Active,,cash,ITUJ.J
RMIJ.J,11-AUG-2015,09-NOV-2015,Active,,cash,RMIJ.J
MEIJ.J,09-AUG-2015,09-NOV-2015,Inactive,,,
SABJ.J,11-AUG-2015,09-NOV-2015,Active,,cash,SABJ.J
MNDJ.J,11-AUG-2015,09-NOV-2015,Active,,cash,MNDJ.J
SBKJ.J,11-AUG-2015,09-NOV-2015,Active,,cash,SBKJ.J
MNPJ.J,11-AUG-2015,09-NOV-2015,Active,,cash,MNPJ.J
SHPJ.J,11-AUG-2015,09-NOV-2015,Active,,cash,SHPJ.J
MRPJ.J,09-AUG-2015,25-OCT-2015,Inactive,,,
MRPJ.J,26-OCT-2015,09-NOV-2015,Active,,cash,MRPJ.J
SLMJ.J,11-AUG-2015,09-NOV-2015,Active,,cash,SLMJ.J
MTNJ.J,11-AUG-2015,09-NOV-2015,Active,,cash,MTNJ.J
SNHJ.J,09-AUG-2015,09-NOV-2015,Inactive,,,
NEDJ.J,11-AUG-2015,09-NOV-2015,Active,,cash,NEDJ.J
SOLJ.J,11-AUG-2015,09-NOV-2015,Active,,cash,SOLJ.J
NPNJn.J,11-AUG-2015,09-NOV-2015,Active,,cash,NPNJn.J
TBSJ.J,11-AUG-2015,09-NOV-2015,Active,,cash,TBSJ.J
.JTOPI,10-NOV-2015,10-FEB-2016,Active,,cash,.JTOPI
AGLJ.J,10-NOV-2015,10-FEB-2016,Active,,cash,AGLJ.J
AMSJ.J,10-NOV-2015,10-FEB-2016,Active,,cash,AMSJ.J
ANGJ.J,10-NOV-2015,10-FEB-2016,Active,,cash,ANGJ.J
APNJ.J,10-NOV-2015,10-FEB-2016,Active,,cash,APNJ.J
BATJ.J,10-NOV-2015,10-FEB-2016,Active,,cash,BATJ.J
BGAJ.J,10-NOV-2015,10-FEB-2016,Active,,cash,BGAJ.J
BILJ.J,10-NOV-2015,10-FEB-2016,Active,,cash,BILJ.J
BTIJ.J,10-NOV-2015,10-FEB-2016,Active,,cash,BTIJ.J
BVTJ.J,10-NOV-2015,10-FEB-2016,Active,,cash,BVTJ.J
CCOJ.J,10-NOV-2015,10-FEB-2016,Active,,cash,CCOJ.J
CFRJ.J,10-NOV-2015,10-FEB-2016,Active,,cash,CFRJ.J
CPIJ.J,10-NOV-2015,10-FEB-2016,Active,,cash,CPIJ.J
DSYJ.J,10-NOV-2015,10-FEB-2016,Active,,cash,DSYJ.J
FFAJ.J,10-NOV-2015,10-FEB-2016,Active,,cash,FFAJ.J
NTCJ.J,10-NOV-2015,10-FEB-2016,Active,,cash,NTCJ.J
VODJ.J,10-NOV-2015,10-FEB-2016,Active,,cash,VODJ.J
FFBJ.J,10-NOV-2015,10-FEB-2016,Active,,cash,FFBJ.J
OMLJ.J,10-NOV-2015,10-FEB-2016,Active,,cash,OMLJ.J
WHLJ.J,10-NOV-2015,10-FEB-2016,Active,,cash,WHLJ.J
FSRJ.J,10-NOV-2015,10-FEB-2016,Active,,cash,FSRJ.J
RDFJ.J,10-NOV-2015,10-FEB-2016,Active,,cash,RDFJ.J
GRTJ.J,10-NOV-2015,10-FEB-2016,Active,,cash,GRTJ.J
REIJ.J,10-NOV-2015,10-FEB-2016,Active,,cash,REIJ.J
INLJ.J,10-NOV-2015,10-FEB-2016,Active,,cash,INLJ.J
REMJ.J,10-NOV-2015,10-FEB-2016,Active,,cash,REMJ.J
INPJ.J,10-NOV-2015,10-FEB-2016,Active,,cash,INPJ.J
RMHJ.J,10-NOV-2015,10-FEB-2016,Active,,cash,RMHJ.J
ITUJ.J,10-NOV-2015,10-FEB-2016,Active,,cash,ITUJ.J
RMIJ.J,10-NOV-2015,10-FEB-2016,Active,,cash,RMIJ.J
MEIJ.J,10-NOV-2015,07-FEB-2016,Inactive,,,
MEIJ.J,08-FEB-2016,10-FEB-2016,Active,,cash,MEIJ.J
SABJ.J,10-NOV-2015,10-FEB-2016,Active,,cash,SABJ.J
MNDJ.J,10-NOV-2015,10-FEB-2016,Active,,cash,MNDJ.J
SBKJ.J,10-NOV-2015,10-FEB-2016,Active,,cash,SBKJ.J
MNPJ.J,10-NOV-2015,10-FEB-2016,Active,,cash,MNPJ.J
SHPJ.J,10-NOV-2015,10-FEB-2016,Active,,cash,SHPJ.J
MRPJ.J,10-NOV-2015,10-FEB-2016,Active,,cash,MRPJ.J
SLMJ.J,10-NOV-2015,10-FEB-2016,Active,,cash,SLMJ.J
MTNJ.J,10-NOV-2015,10-FEB-2016,Active,,cash,MTNJ.J
SNHJ.J,10-NOV-2015,29-NOV-2015,Inactive,,,
SNHJ.J,30-NOV-2015,10-FEB-2016,Active,,cash,SNHJ.J
NEDJ.J,10-NOV-2015,10-FEB-2016,Active,,cash,NEDJ.J
SOLJ.J,10-NOV-2015,10-FEB-2016,Active,,cash,SOLJ.J
NPNJn.J,10-NOV-2015,10-FEB-2016,Active,,cash,NPNJn.J
TBSJ.J,10-NOV-2015,10-FEB-2016,Active,,cash,TBSJ.J
.JTOPI,11-FEB-2016,11-MAY-2016,Active,,cash,.JTOPI
AGLJ.J,11-FEB-2016,10-MAY-2016,Active,,cash,AGLJ.J
AMSJ.J,11-FEB-2016,10-MAY-2016,Active,,cash,AMSJ.J
ANGJ.J,11-FEB-2016,10-MAY-2016,Active,,cash,ANGJ.J
APNJ.J,11-FEB-2016,10-MAY-2016,Active,,cash,APNJ.J
BATJ.J,11-FEB-2016,10-MAY-2016,Active,,cash,BATJ.J
BGAJ.J,11-FEB-2016,10-MAY-2016,Active,,cash,BGAJ.J
BILJ.J,11-FEB-2016,10-MAY-2016,Active,,cash,BILJ.J
BTIJ.J,11-FEB-2016,10-MAY-2016,Active,,cash,BTIJ.J
BVTJ.J,11-FEB-2016,10-MAY-2016,Active,,cash,BVTJ.J
CCOJ.J,11-FEB-2016,10-MAY-2016,Active,,cash,CCOJ.J
CFRJ.J,11-FEB-2016,10-MAY-2016,Active,,cash,CFRJ.J
CPIJ.J,11-FEB-2016,10-MAY-2016,Active,,cash,CPIJ.J
DSYJ.J,11-FEB-2016,10-MAY-2016,Active,,cash,DSYJ.J
FFAJ.J,11-FEB-2016,10-MAY-2016,Active,,cash,FFAJ.J
NTCJ.J,11-FEB-2016,10-MAY-2016,Active,,cash,NTCJ.J
VODJ.J,11-FEB-2016,10-MAY-2016,Active,,cash,VODJ.J
FFBJ.J,11-FEB-2016,10-MAY-2016,Active,,cash,FFBJ.J
OMLJ.J,11-FEB-2016,10-MAY-2016,Active,,cash,OMLJ.J
WHLJ.J,11-FEB-2016,10-MAY-2016,Active,,cash,WHLJ.J
FSRJ.J,11-FEB-2016,10-MAY-2016,Active,,cash,FSRJ.J
RDFJ.J,11-FEB-2016,10-MAY-2016,Active,,cash,RDFJ.J
GRTJ.J,11-FEB-2016,10-MAY-2016,Active,,cash,GRTJ.J
REIJ.J,11-FEB-2016,10-MAY-2016,Active,,cash,REIJ.J
INLJ.J,11-FEB-2016,10-MAY-2016,Active,,cash,INLJ.J
REMJ.J,11-FEB-2016,10-MAY-2016,Active,,cash,REMJ.J
INPJ.J,11-FEB-2016,10-MAY-2016,Active,,cash,INPJ.J
RMHJ.J,11-FEB-2016,10-MAY-2016,Active,,cash,RMHJ.J
ITUJ.J,11-FEB-2016,10-MAY-2016,Active,,cash,ITUJ.J
RMIJ.J,11-FEB-2016,10-MAY-2016,Active,,cash,RMIJ.J
MEIJ.J,11-FEB-2016,10-MAY-2016,Active,,cash,MEIJ.J
SABJ.J,11-FEB-2016,10-MAY-2016,Active,,cash,SABJ.J
MNDJ.J,11-FEB-2016,10-MAY-2016,Active,,cash,MNDJ.J
SBKJ.J,11-FEB-2016,10-MAY-2016,Active,,cash,SBKJ.J
MNPJ.J,11-FEB-2016,10-MAY-2016,Active,,cash,MNPJ.J
SHPJ.J,11-FEB-2016,10-MAY-2016,Active,,cash,SHPJ.J
MRPJ.J,11-FEB-2016,10-MAY-2016,Active,,cash,MRPJ.J
SLMJ.J,11-FEB-2016,10-MAY-2016,Active,,cash,SLMJ.J
MTNJ.J,11-FEB-2016,10-MAY-2016,Active,,cash,MTNJ.J
SNHJ.J,11-FEB-2016,10-MAY-2016,Active,,cash,SNHJ.J
NEDJ.J,11-FEB-2016,10-MAY-2016,Active,,cash,NEDJ.J
SOLJ.J,11-FEB-2016,10-MAY-2016,Active,,cash,SOLJ.J
NPNJn.J,11-FEB-2016,10-MAY-2016,Active,,cash,NPNJn.J
TBSJ.J,11-FEB-2016,10-MAY-2016,Active,,cash,TBSJ.J
